Timestamp,actor,Critic1,critic2,alpha
1.0,0,0,0,0
2.0,0,0,0,0
3.0,0,0,0,0
4.0,0,0,0,0
5.0,0,0,0,0
6.0,"tensor(12.2462, grad_fn=<MeanBackward0>)","tensor(153.4793, grad_fn=<MseLossBackward0>)","tensor(110.2539, grad_fn=<MseLossBackward0>)","tensor(-0., grad_fn=<NegBackward0>)"
7.0,"tensor(10.0860, grad_fn=<MeanBackward0>)","tensor(78.0429, grad_fn=<MseLossBackward0>)","tensor(55.0623, grad_fn=<MseLossBackward0>)","tensor(-0.0012, grad_fn=<NegBackward0>)"
8.0,"tensor(10.0146, grad_fn=<MeanBackward0>)","tensor(29.7327, grad_fn=<MseLossBackward0>)","tensor(22.3609, grad_fn=<MseLossBackward0>)","tensor(-0.0018, grad_fn=<NegBackward0>)"
9.0,"tensor(10.9714, grad_fn=<MeanBackward0>)","tensor(25.8762, grad_fn=<MseLossBackward0>)","tensor(23.8651, grad_fn=<MseLossBackward0>)","tensor(-0.0028, grad_fn=<NegBackward0>)"
10.0,"tensor(11.1327, grad_fn=<MeanBackward0>)","tensor(24.5265, grad_fn=<MseLossBackward0>)","tensor(23.7747, grad_fn=<MseLossBackward0>)","tensor(-0.0032, grad_fn=<NegBackward0>)"
11.0,"tensor(11.4757, grad_fn=<MeanBackward0>)","tensor(23.5765, grad_fn=<MseLossBackward0>)","tensor(26.7171, grad_fn=<MseLossBackward0>)","tensor(-0.0039, grad_fn=<NegBackward0>)"
12.0,"tensor(11.3260, grad_fn=<MeanBackward0>)","tensor(25.2114, grad_fn=<MseLossBackward0>)","tensor(27.7483, grad_fn=<MseLossBackward0>)","tensor(-0.0044, grad_fn=<NegBackward0>)"
13.0,"tensor(9.4119, grad_fn=<MeanBackward0>)","tensor(30.1859, grad_fn=<MseLossBackward0>)","tensor(30.5825, grad_fn=<MseLossBackward0>)","tensor(-0.0018, grad_fn=<NegBackward0>)"
14.0,"tensor(6.9537, grad_fn=<MeanBackward0>)","tensor(47.7832, grad_fn=<MseLossBackward0>)","tensor(43.7584, grad_fn=<MseLossBackward0>)","tensor(0.0025, grad_fn=<NegBackward0>)"
15.0,"tensor(5.3312, grad_fn=<MeanBackward0>)","tensor(53.9435, grad_fn=<MseLossBackward0>)","tensor(44.2414, grad_fn=<MseLossBackward0>)","tensor(0.0050, grad_fn=<NegBackward0>)"
16.0,"tensor(4.5770, grad_fn=<MeanBackward0>)","tensor(48.2744, grad_fn=<MseLossBackward0>)","tensor(35.6920, grad_fn=<MseLossBackward0>)","tensor(0.0056, grad_fn=<NegBackward0>)"
17.0,"tensor(4.0958, grad_fn=<MeanBackward0>)","tensor(38.1932, grad_fn=<MseLossBackward0>)","tensor(25.0138, grad_fn=<MseLossBackward0>)","tensor(0.0051, grad_fn=<NegBackward0>)"
18.0,"tensor(3.7402, grad_fn=<MeanBackward0>)","tensor(29.6990, grad_fn=<MseLossBackward0>)","tensor(17.5947, grad_fn=<MseLossBackward0>)","tensor(0.0046, grad_fn=<NegBackward0>)"
19.0,"tensor(2.9798, grad_fn=<MeanBackward0>)","tensor(19.9697, grad_fn=<MseLossBackward0>)","tensor(10.5062, grad_fn=<MseLossBackward0>)","tensor(0.0047, grad_fn=<NegBackward0>)"
20.0,"tensor(2.4452, grad_fn=<MeanBackward0>)","tensor(14.0815, grad_fn=<MseLossBackward0>)","tensor(6.6902, grad_fn=<MseLossBackward0>)","tensor(0.0043, grad_fn=<NegBackward0>)"
21.0,"tensor(1.6722, grad_fn=<MeanBackward0>)","tensor(8.5501, grad_fn=<MseLossBackward0>)","tensor(3.4284, grad_fn=<MseLossBackward0>)","tensor(0.0047, grad_fn=<NegBackward0>)"
22.0,"tensor(0.8935, grad_fn=<MeanBackward0>)","tensor(5.9499, grad_fn=<MseLossBackward0>)","tensor(2.4208, grad_fn=<MseLossBackward0>)","tensor(0.0051, grad_fn=<NegBackward0>)"
23.0,"tensor(0.2089, grad_fn=<MeanBackward0>)","tensor(3.4165, grad_fn=<MseLossBackward0>)","tensor(2.2708, grad_fn=<MseLossBackward0>)","tensor(0.0053, grad_fn=<NegBackward0>)"
24.0,"tensor(-0.4763, grad_fn=<MeanBackward0>)","tensor(2.1077, grad_fn=<MseLossBackward0>)","tensor(1.9848, grad_fn=<MseLossBackward0>)","tensor(0.0057, grad_fn=<NegBackward0>)"
25.0,"tensor(-1.0239, grad_fn=<MeanBackward0>)","tensor(1.6397, grad_fn=<MseLossBackward0>)","tensor(2.5530, grad_fn=<MseLossBackward0>)","tensor(0.0059, grad_fn=<NegBackward0>)"
26.0,"tensor(-1.5278, grad_fn=<MeanBackward0>)","tensor(1.6902, grad_fn=<MseLossBackward0>)","tensor(2.7244, grad_fn=<MseLossBackward0>)","tensor(0.0061, grad_fn=<NegBackward0>)"
27.0,"tensor(-1.9012, grad_fn=<MeanBackward0>)","tensor(2.1377, grad_fn=<MseLossBackward0>)","tensor(3.7454, grad_fn=<MseLossBackward0>)","tensor(0.0060, grad_fn=<NegBackward0>)"
28.0,"tensor(-1.9161, grad_fn=<MeanBackward0>)","tensor(3.2008, grad_fn=<MseLossBackward0>)","tensor(4.5268, grad_fn=<MseLossBackward0>)","tensor(0.0053, grad_fn=<NegBackward0>)"
29.0,"tensor(-2.1452, grad_fn=<MeanBackward0>)","tensor(3.6149, grad_fn=<MseLossBackward0>)","tensor(4.6976, grad_fn=<MseLossBackward0>)","tensor(0.0052, grad_fn=<NegBackward0>)"
30.0,"tensor(-2.3834, grad_fn=<MeanBackward0>)","tensor(3.6407, grad_fn=<MseLossBackward0>)","tensor(4.0596, grad_fn=<MseLossBackward0>)","tensor(0.0050, grad_fn=<NegBackward0>)"
31.0,"tensor(-2.5374, grad_fn=<MeanBackward0>)","tensor(3.4232, grad_fn=<MseLossBackward0>)","tensor(3.2158, grad_fn=<MseLossBackward0>)","tensor(0.0046, grad_fn=<NegBackward0>)"
32.0,"tensor(-2.6406, grad_fn=<MeanBackward0>)","tensor(2.6789, grad_fn=<MseLossBackward0>)","tensor(2.0125, grad_fn=<MseLossBackward0>)","tensor(0.0041, grad_fn=<NegBackward0>)"
33.0,"tensor(-2.5579, grad_fn=<MeanBackward0>)","tensor(2.7882, grad_fn=<MseLossBackward0>)","tensor(1.8867, grad_fn=<MseLossBackward0>)","tensor(0.0034, grad_fn=<NegBackward0>)"
34.0,"tensor(-2.4025, grad_fn=<MeanBackward0>)","tensor(3.7026, grad_fn=<MseLossBackward0>)","tensor(2.0756, grad_fn=<MseLossBackward0>)","tensor(0.0026, grad_fn=<NegBackward0>)"
35.0,"tensor(-2.1081, grad_fn=<MeanBackward0>)","tensor(3.2485, grad_fn=<MseLossBackward0>)","tensor(1.6438, grad_fn=<MseLossBackward0>)","tensor(0.0018, grad_fn=<NegBackward0>)"
36.0,"tensor(-2.0025, grad_fn=<MeanBackward0>)","tensor(3.1393, grad_fn=<MseLossBackward0>)","tensor(1.5081, grad_fn=<MseLossBackward0>)","tensor(0.0010, grad_fn=<NegBackward0>)"
37.0,"tensor(-1.8835, grad_fn=<MeanBackward0>)","tensor(2.8267, grad_fn=<MseLossBackward0>)","tensor(1.2267, grad_fn=<MseLossBackward0>)","tensor(0.0003, grad_fn=<NegBackward0>)"
38.0,"tensor(-1.7306, grad_fn=<MeanBackward0>)","tensor(2.2932, grad_fn=<MseLossBackward0>)","tensor(0.9561, grad_fn=<MseLossBackward0>)","tensor(-0.0005, grad_fn=<NegBackward0>)"
39.0,"tensor(-1.7967, grad_fn=<MeanBackward0>)","tensor(1.7003, grad_fn=<MseLossBackward0>)","tensor(0.8044, grad_fn=<MseLossBackward0>)","tensor(-0.0013, grad_fn=<NegBackward0>)"
40.0,"tensor(-1.6131, grad_fn=<MeanBackward0>)","tensor(1.1948, grad_fn=<MseLossBackward0>)","tensor(0.7806, grad_fn=<MseLossBackward0>)","tensor(-0.0021, grad_fn=<NegBackward0>)"
41.0,"tensor(-1.5451, grad_fn=<MeanBackward0>)","tensor(1.1356, grad_fn=<MseLossBackward0>)","tensor(0.9136, grad_fn=<MseLossBackward0>)","tensor(-0.0030, grad_fn=<NegBackward0>)"
42.0,"tensor(-1.5564, grad_fn=<MeanBackward0>)","tensor(0.9644, grad_fn=<MseLossBackward0>)","tensor(1.1038, grad_fn=<MseLossBackward0>)","tensor(-0.0040, grad_fn=<NegBackward0>)"
43.0,"tensor(-1.5105, grad_fn=<MeanBackward0>)","tensor(0.7001, grad_fn=<MseLossBackward0>)","tensor(1.0518, grad_fn=<MseLossBackward0>)","tensor(-0.0049, grad_fn=<NegBackward0>)"
44.0,"tensor(-1.5653, grad_fn=<MeanBackward0>)","tensor(0.5489, grad_fn=<MseLossBackward0>)","tensor(1.1284, grad_fn=<MseLossBackward0>)","tensor(-0.0060, grad_fn=<NegBackward0>)"
45.0,"tensor(-1.6217, grad_fn=<MeanBackward0>)","tensor(0.6360, grad_fn=<MseLossBackward0>)","tensor(1.0859, grad_fn=<MseLossBackward0>)","tensor(-0.0070, grad_fn=<NegBackward0>)"
46.0,"tensor(-1.5694, grad_fn=<MeanBackward0>)","tensor(0.6948, grad_fn=<MseLossBackward0>)","tensor(1.0001, grad_fn=<MseLossBackward0>)","tensor(-0.0078, grad_fn=<NegBackward0>)"
47.0,"tensor(-1.6649, grad_fn=<MeanBackward0>)","tensor(0.7666, grad_fn=<MseLossBackward0>)","tensor(0.8890, grad_fn=<MseLossBackward0>)","tensor(-0.0089, grad_fn=<NegBackward0>)"
48.0,"tensor(-1.7111, grad_fn=<MeanBackward0>)","tensor(0.8146, grad_fn=<MseLossBackward0>)","tensor(0.7851, grad_fn=<MseLossBackward0>)","tensor(-0.0098, grad_fn=<NegBackward0>)"
49.0,"tensor(-1.7826, grad_fn=<MeanBackward0>)","tensor(0.8619, grad_fn=<MseLossBackward0>)","tensor(0.7068, grad_fn=<MseLossBackward0>)","tensor(-0.0109, grad_fn=<NegBackward0>)"
50.0,"tensor(-1.9087, grad_fn=<MeanBackward0>)","tensor(0.8181, grad_fn=<MseLossBackward0>)","tensor(0.5644, grad_fn=<MseLossBackward0>)","tensor(-0.0119, grad_fn=<NegBackward0>)"
51.0,"tensor(-2.0037, grad_fn=<MeanBackward0>)","tensor(0.9316, grad_fn=<MseLossBackward0>)","tensor(0.5407, grad_fn=<MseLossBackward0>)","tensor(-0.0129, grad_fn=<NegBackward0>)"
52.0,"tensor(-2.0820, grad_fn=<MeanBackward0>)","tensor(0.9028, grad_fn=<MseLossBackward0>)","tensor(0.4702, grad_fn=<MseLossBackward0>)","tensor(-0.0138, grad_fn=<NegBackward0>)"
53.0,"tensor(-2.1549, grad_fn=<MeanBackward0>)","tensor(0.6811, grad_fn=<MseLossBackward0>)","tensor(0.3374, grad_fn=<MseLossBackward0>)","tensor(-0.0148, grad_fn=<NegBackward0>)"
54.0,"tensor(-2.2949, grad_fn=<MeanBackward0>)","tensor(0.6835, grad_fn=<MseLossBackward0>)","tensor(0.3355, grad_fn=<MseLossBackward0>)","tensor(-0.0160, grad_fn=<NegBackward0>)"
55.0,"tensor(-2.3659, grad_fn=<MeanBackward0>)","tensor(0.5844, grad_fn=<MseLossBackward0>)","tensor(0.3240, grad_fn=<MseLossBackward0>)","tensor(-0.0171, grad_fn=<NegBackward0>)"
56.0,"tensor(-2.4168, grad_fn=<MeanBackward0>)","tensor(0.4827, grad_fn=<MseLossBackward0>)","tensor(0.3108, grad_fn=<MseLossBackward0>)","tensor(-0.0181, grad_fn=<NegBackward0>)"
57.0,"tensor(-2.5163, grad_fn=<MeanBackward0>)","tensor(0.2974, grad_fn=<MseLossBackward0>)","tensor(0.3065, grad_fn=<MseLossBackward0>)","tensor(-0.0193, grad_fn=<NegBackward0>)"
58.0,"tensor(-2.5094, grad_fn=<MeanBackward0>)","tensor(0.3041, grad_fn=<MseLossBackward0>)","tensor(0.3221, grad_fn=<MseLossBackward0>)","tensor(-0.0203, grad_fn=<NegBackward0>)"
59.0,"tensor(-2.5327, grad_fn=<MeanBackward0>)","tensor(0.2473, grad_fn=<MseLossBackward0>)","tensor(0.3272, grad_fn=<MseLossBackward0>)","tensor(-0.0214, grad_fn=<NegBackward0>)"
60.0,"tensor(-2.5380, grad_fn=<MeanBackward0>)","tensor(0.2389, grad_fn=<MseLossBackward0>)","tensor(0.3716, grad_fn=<MseLossBackward0>)","tensor(-0.0226, grad_fn=<NegBackward0>)"
61.0,"tensor(-2.4746, grad_fn=<MeanBackward0>)","tensor(0.3067, grad_fn=<MseLossBackward0>)","tensor(0.3508, grad_fn=<MseLossBackward0>)","tensor(-0.0235, grad_fn=<NegBackward0>)"
62.0,"tensor(-2.4251, grad_fn=<MeanBackward0>)","tensor(0.2743, grad_fn=<MseLossBackward0>)","tensor(0.3103, grad_fn=<MseLossBackward0>)","tensor(-0.0243, grad_fn=<NegBackward0>)"
63.0,"tensor(-2.3836, grad_fn=<MeanBackward0>)","tensor(0.3034, grad_fn=<MseLossBackward0>)","tensor(0.3036, grad_fn=<MseLossBackward0>)","tensor(-0.0254, grad_fn=<NegBackward0>)"
64.0,"tensor(-2.3807, grad_fn=<MeanBackward0>)","tensor(0.3082, grad_fn=<MseLossBackward0>)","tensor(0.2624, grad_fn=<MseLossBackward0>)","tensor(-0.0266, grad_fn=<NegBackward0>)"
65.0,"tensor(-2.3748, grad_fn=<MeanBackward0>)","tensor(0.3093, grad_fn=<MseLossBackward0>)","tensor(0.2448, grad_fn=<MseLossBackward0>)","tensor(-0.0278, grad_fn=<NegBackward0>)"
66.0,"tensor(-2.3333, grad_fn=<MeanBackward0>)","tensor(0.3497, grad_fn=<MseLossBackward0>)","tensor(0.2700, grad_fn=<MseLossBackward0>)","tensor(-0.0287, grad_fn=<NegBackward0>)"
67.0,"tensor(-2.3077, grad_fn=<MeanBackward0>)","tensor(0.3674, grad_fn=<MseLossBackward0>)","tensor(0.2541, grad_fn=<MseLossBackward0>)","tensor(-0.0299, grad_fn=<NegBackward0>)"
68.0,"tensor(-2.2485, grad_fn=<MeanBackward0>)","tensor(0.3466, grad_fn=<MseLossBackward0>)","tensor(0.2548, grad_fn=<MseLossBackward0>)","tensor(-0.0307, grad_fn=<NegBackward0>)"
69.0,"tensor(-2.3050, grad_fn=<MeanBackward0>)","tensor(0.3876, grad_fn=<MseLossBackward0>)","tensor(0.2863, grad_fn=<MseLossBackward0>)","tensor(-0.0321, grad_fn=<NegBackward0>)"
70.0,"tensor(-2.2667, grad_fn=<MeanBackward0>)","tensor(0.3163, grad_fn=<MseLossBackward0>)","tensor(0.2633, grad_fn=<MseLossBackward0>)","tensor(-0.0333, grad_fn=<NegBackward0>)"
71.0,"tensor(-2.2713, grad_fn=<MeanBackward0>)","tensor(0.3065, grad_fn=<MseLossBackward0>)","tensor(0.2499, grad_fn=<MseLossBackward0>)","tensor(-0.0343, grad_fn=<NegBackward0>)"
72.0,"tensor(-2.2458, grad_fn=<MeanBackward0>)","tensor(0.2663, grad_fn=<MseLossBackward0>)","tensor(0.2528, grad_fn=<MseLossBackward0>)","tensor(-0.0352, grad_fn=<NegBackward0>)"
73.0,"tensor(-2.2136, grad_fn=<MeanBackward0>)","tensor(0.2139, grad_fn=<MseLossBackward0>)","tensor(0.2221, grad_fn=<MseLossBackward0>)","tensor(-0.0363, grad_fn=<NegBackward0>)"
74.0,"tensor(-2.2308, grad_fn=<MeanBackward0>)","tensor(0.2494, grad_fn=<MseLossBackward0>)","tensor(0.2921, grad_fn=<MseLossBackward0>)","tensor(-0.0373, grad_fn=<NegBackward0>)"
75.0,"tensor(-2.2386, grad_fn=<MeanBackward0>)","tensor(0.2173, grad_fn=<MseLossBackward0>)","tensor(0.2279, grad_fn=<MseLossBackward0>)","tensor(-0.0387, grad_fn=<NegBackward0>)"
76.0,"tensor(-2.1738, grad_fn=<MeanBackward0>)","tensor(0.2042, grad_fn=<MseLossBackward0>)","tensor(0.2138, grad_fn=<MseLossBackward0>)","tensor(-0.0393, grad_fn=<NegBackward0>)"
77.0,"tensor(-2.2287, grad_fn=<MeanBackward0>)","tensor(0.2529, grad_fn=<MseLossBackward0>)","tensor(0.2484, grad_fn=<MseLossBackward0>)","tensor(-0.0405, grad_fn=<NegBackward0>)"
78.0,"tensor(-2.2617, grad_fn=<MeanBackward0>)","tensor(0.2409, grad_fn=<MseLossBackward0>)","tensor(0.2216, grad_fn=<MseLossBackward0>)","tensor(-0.0416, grad_fn=<NegBackward0>)"
79.0,"tensor(-2.3236, grad_fn=<MeanBackward0>)","tensor(0.2243, grad_fn=<MseLossBackward0>)","tensor(0.2071, grad_fn=<MseLossBackward0>)","tensor(-0.0429, grad_fn=<NegBackward0>)"
80.0,"tensor(-2.3450, grad_fn=<MeanBackward0>)","tensor(0.2498, grad_fn=<MseLossBackward0>)","tensor(0.2345, grad_fn=<MseLossBackward0>)","tensor(-0.0441, grad_fn=<NegBackward0>)"
81.0,"tensor(-2.3448, grad_fn=<MeanBackward0>)","tensor(0.2436, grad_fn=<MseLossBackward0>)","tensor(0.2099, grad_fn=<MseLossBackward0>)","tensor(-0.0448, grad_fn=<NegBackward0>)"
82.0,"tensor(-2.4373, grad_fn=<MeanBackward0>)","tensor(0.2232, grad_fn=<MseLossBackward0>)","tensor(0.1852, grad_fn=<MseLossBackward0>)","tensor(-0.0463, grad_fn=<NegBackward0>)"
83.0,"tensor(-2.4141, grad_fn=<MeanBackward0>)","tensor(0.2822, grad_fn=<MseLossBackward0>)","tensor(0.2251, grad_fn=<MseLossBackward0>)","tensor(-0.0473, grad_fn=<NegBackward0>)"
84.0,"tensor(-2.4055, grad_fn=<MeanBackward0>)","tensor(0.2395, grad_fn=<MseLossBackward0>)","tensor(0.2054, grad_fn=<MseLossBackward0>)","tensor(-0.0481, grad_fn=<NegBackward0>)"
85.0,"tensor(-2.4138, grad_fn=<MeanBackward0>)","tensor(0.2725, grad_fn=<MseLossBackward0>)","tensor(0.2286, grad_fn=<MseLossBackward0>)","tensor(-0.0493, grad_fn=<NegBackward0>)"
86.0,"tensor(-2.4149, grad_fn=<MeanBackward0>)","tensor(0.1877, grad_fn=<MseLossBackward0>)","tensor(0.1776, grad_fn=<MseLossBackward0>)","tensor(-0.0503, grad_fn=<NegBackward0>)"
87.0,"tensor(-2.4142, grad_fn=<MeanBackward0>)","tensor(0.2198, grad_fn=<MseLossBackward0>)","tensor(0.2037, grad_fn=<MseLossBackward0>)","tensor(-0.0514, grad_fn=<NegBackward0>)"
88.0,"tensor(-2.4865, grad_fn=<MeanBackward0>)","tensor(0.2109, grad_fn=<MseLossBackward0>)","tensor(0.2020, grad_fn=<MseLossBackward0>)","tensor(-0.0526, grad_fn=<NegBackward0>)"
89.0,"tensor(-2.3692, grad_fn=<MeanBackward0>)","tensor(0.2206, grad_fn=<MseLossBackward0>)","tensor(0.2159, grad_fn=<MseLossBackward0>)","tensor(-0.0531, grad_fn=<NegBackward0>)"
90.0,"tensor(-2.4736, grad_fn=<MeanBackward0>)","tensor(0.2274, grad_fn=<MseLossBackward0>)","tensor(0.2107, grad_fn=<MseLossBackward0>)","tensor(-0.0546, grad_fn=<NegBackward0>)"
91.0,"tensor(-2.4300, grad_fn=<MeanBackward0>)","tensor(0.1827, grad_fn=<MseLossBackward0>)","tensor(0.1877, grad_fn=<MseLossBackward0>)","tensor(-0.0556, grad_fn=<NegBackward0>)"
92.0,"tensor(-2.4431, grad_fn=<MeanBackward0>)","tensor(0.1979, grad_fn=<MseLossBackward0>)","tensor(0.1982, grad_fn=<MseLossBackward0>)","tensor(-0.0572, grad_fn=<NegBackward0>)"
93.0,"tensor(-2.3781, grad_fn=<MeanBackward0>)","tensor(0.2160, grad_fn=<MseLossBackward0>)","tensor(0.1989, grad_fn=<MseLossBackward0>)","tensor(-0.0577, grad_fn=<NegBackward0>)"
94.0,"tensor(-2.4034, grad_fn=<MeanBackward0>)","tensor(0.1910, grad_fn=<MseLossBackward0>)","tensor(0.1806, grad_fn=<MseLossBackward0>)","tensor(-0.0586, grad_fn=<NegBackward0>)"
95.0,"tensor(-2.3299, grad_fn=<MeanBackward0>)","tensor(0.1787, grad_fn=<MseLossBackward0>)","tensor(0.1625, grad_fn=<MseLossBackward0>)","tensor(-0.0591, grad_fn=<NegBackward0>)"
96.0,"tensor(-2.4165, grad_fn=<MeanBackward0>)","tensor(0.2550, grad_fn=<MseLossBackward0>)","tensor(0.2393, grad_fn=<MseLossBackward0>)","tensor(-0.0611, grad_fn=<NegBackward0>)"
97.0,"tensor(-2.4021, grad_fn=<MeanBackward0>)","tensor(0.1854, grad_fn=<MseLossBackward0>)","tensor(0.1728, grad_fn=<MseLossBackward0>)","tensor(-0.0621, grad_fn=<NegBackward0>)"
98.0,"tensor(-2.4121, grad_fn=<MeanBackward0>)","tensor(0.2401, grad_fn=<MseLossBackward0>)","tensor(0.2298, grad_fn=<MseLossBackward0>)","tensor(-0.0629, grad_fn=<NegBackward0>)"
99.0,"tensor(-2.3979, grad_fn=<MeanBackward0>)","tensor(0.2059, grad_fn=<MseLossBackward0>)","tensor(0.1824, grad_fn=<MseLossBackward0>)","tensor(-0.0643, grad_fn=<NegBackward0>)"
100.0,"tensor(-2.3741, grad_fn=<MeanBackward0>)","tensor(0.1765, grad_fn=<MseLossBackward0>)","tensor(0.1738, grad_fn=<MseLossBackward0>)","tensor(-0.0651, grad_fn=<NegBackward0>)"
101.0,"tensor(-2.4245, grad_fn=<MeanBackward0>)","tensor(0.1611, grad_fn=<MseLossBackward0>)","tensor(0.1772, grad_fn=<MseLossBackward0>)","tensor(-0.0664, grad_fn=<NegBackward0>)"
102.0,"tensor(-2.4037, grad_fn=<MeanBackward0>)","tensor(0.2561, grad_fn=<MseLossBackward0>)","tensor(0.2436, grad_fn=<MseLossBackward0>)","tensor(-0.0674, grad_fn=<NegBackward0>)"
103.0,"tensor(-2.4003, grad_fn=<MeanBackward0>)","tensor(0.2683, grad_fn=<MseLossBackward0>)","tensor(0.2651, grad_fn=<MseLossBackward0>)","tensor(-0.0681, grad_fn=<NegBackward0>)"
104.0,"tensor(-2.3804, grad_fn=<MeanBackward0>)","tensor(0.2329, grad_fn=<MseLossBackward0>)","tensor(0.2218, grad_fn=<MseLossBackward0>)","tensor(-0.0690, grad_fn=<NegBackward0>)"
105.0,"tensor(-2.4456, grad_fn=<MeanBackward0>)","tensor(0.1965, grad_fn=<MseLossBackward0>)","tensor(0.1822, grad_fn=<MseLossBackward0>)","tensor(-0.0709, grad_fn=<NegBackward0>)"
106.0,"tensor(-2.4489, grad_fn=<MeanBackward0>)","tensor(0.1788, grad_fn=<MseLossBackward0>)","tensor(0.1595, grad_fn=<MseLossBackward0>)","tensor(-0.0715, grad_fn=<NegBackward0>)"
107.0,"tensor(-2.3792, grad_fn=<MeanBackward0>)","tensor(0.2040, grad_fn=<MseLossBackward0>)","tensor(0.2078, grad_fn=<MseLossBackward0>)","tensor(-0.0715, grad_fn=<NegBackward0>)"
108.0,"tensor(-2.4112, grad_fn=<MeanBackward0>)","tensor(0.1948, grad_fn=<MseLossBackward0>)","tensor(0.1810, grad_fn=<MseLossBackward0>)","tensor(-0.0725, grad_fn=<NegBackward0>)"
109.0,"tensor(-2.4534, grad_fn=<MeanBackward0>)","tensor(0.2329, grad_fn=<MseLossBackward0>)","tensor(0.2061, grad_fn=<MseLossBackward0>)","tensor(-0.0744, grad_fn=<NegBackward0>)"
110.0,"tensor(-2.4974, grad_fn=<MeanBackward0>)","tensor(0.2053, grad_fn=<MseLossBackward0>)","tensor(0.1786, grad_fn=<MseLossBackward0>)","tensor(-0.0757, grad_fn=<NegBackward0>)"
111.0,"tensor(-2.4640, grad_fn=<MeanBackward0>)","tensor(0.2453, grad_fn=<MseLossBackward0>)","tensor(0.2188, grad_fn=<MseLossBackward0>)","tensor(-0.0771, grad_fn=<NegBackward0>)"
112.0,"tensor(-2.4782, grad_fn=<MeanBackward0>)","tensor(0.2750, grad_fn=<MseLossBackward0>)","tensor(0.2551, grad_fn=<MseLossBackward0>)","tensor(-0.0770, grad_fn=<NegBackward0>)"
113.0,"tensor(-2.4535, grad_fn=<MeanBackward0>)","tensor(0.2405, grad_fn=<MseLossBackward0>)","tensor(0.2216, grad_fn=<MseLossBackward0>)","tensor(-0.0792, grad_fn=<NegBackward0>)"
114.0,"tensor(-2.4129, grad_fn=<MeanBackward0>)","tensor(0.2191, grad_fn=<MseLossBackward0>)","tensor(0.2193, grad_fn=<MseLossBackward0>)","tensor(-0.0794, grad_fn=<NegBackward0>)"
115.0,"tensor(-2.5108, grad_fn=<MeanBackward0>)","tensor(0.1940, grad_fn=<MseLossBackward0>)","tensor(0.2049, grad_fn=<MseLossBackward0>)","tensor(-0.0807, grad_fn=<NegBackward0>)"
116.0,"tensor(-2.4768, grad_fn=<MeanBackward0>)","tensor(0.1738, grad_fn=<MseLossBackward0>)","tensor(0.1572, grad_fn=<MseLossBackward0>)","tensor(-0.0821, grad_fn=<NegBackward0>)"
117.0,"tensor(-2.4858, grad_fn=<MeanBackward0>)","tensor(0.1954, grad_fn=<MseLossBackward0>)","tensor(0.1769, grad_fn=<MseLossBackward0>)","tensor(-0.0827, grad_fn=<NegBackward0>)"
118.0,"tensor(-2.4632, grad_fn=<MeanBackward0>)","tensor(0.1723, grad_fn=<MseLossBackward0>)","tensor(0.1586, grad_fn=<MseLossBackward0>)","tensor(-0.0834, grad_fn=<NegBackward0>)"
119.0,"tensor(-2.5014, grad_fn=<MeanBackward0>)","tensor(0.1823, grad_fn=<MseLossBackward0>)","tensor(0.1647, grad_fn=<MseLossBackward0>)","tensor(-0.0850, grad_fn=<NegBackward0>)"
120.0,"tensor(-2.5147, grad_fn=<MeanBackward0>)","tensor(0.2173, grad_fn=<MseLossBackward0>)","tensor(0.1975, grad_fn=<MseLossBackward0>)","tensor(-0.0865, grad_fn=<NegBackward0>)"
121.0,"tensor(-2.4683, grad_fn=<MeanBackward0>)","tensor(0.2259, grad_fn=<MseLossBackward0>)","tensor(0.2053, grad_fn=<MseLossBackward0>)","tensor(-0.0869, grad_fn=<NegBackward0>)"
122.0,"tensor(-2.4766, grad_fn=<MeanBackward0>)","tensor(0.1969, grad_fn=<MseLossBackward0>)","tensor(0.1954, grad_fn=<MseLossBackward0>)","tensor(-0.0885, grad_fn=<NegBackward0>)"
123.0,"tensor(-2.5859, grad_fn=<MeanBackward0>)","tensor(0.2059, grad_fn=<MseLossBackward0>)","tensor(0.1955, grad_fn=<MseLossBackward0>)","tensor(-0.0905, grad_fn=<NegBackward0>)"
124.0,"tensor(-2.4666, grad_fn=<MeanBackward0>)","tensor(0.2060, grad_fn=<MseLossBackward0>)","tensor(0.1993, grad_fn=<MseLossBackward0>)","tensor(-0.0892, grad_fn=<NegBackward0>)"
125.0,"tensor(-2.5317, grad_fn=<MeanBackward0>)","tensor(0.1833, grad_fn=<MseLossBackward0>)","tensor(0.1707, grad_fn=<MseLossBackward0>)","tensor(-0.0912, grad_fn=<NegBackward0>)"
126.0,"tensor(-2.4835, grad_fn=<MeanBackward0>)","tensor(0.1798, grad_fn=<MseLossBackward0>)","tensor(0.1791, grad_fn=<MseLossBackward0>)","tensor(-0.0922, grad_fn=<NegBackward0>)"
127.0,"tensor(-2.5314, grad_fn=<MeanBackward0>)","tensor(0.1951, grad_fn=<MseLossBackward0>)","tensor(0.1721, grad_fn=<MseLossBackward0>)","tensor(-0.0938, grad_fn=<NegBackward0>)"
128.0,"tensor(-2.5275, grad_fn=<MeanBackward0>)","tensor(0.1704, grad_fn=<MseLossBackward0>)","tensor(0.1650, grad_fn=<MseLossBackward0>)","tensor(-0.0940, grad_fn=<NegBackward0>)"
129.0,"tensor(-2.5563, grad_fn=<MeanBackward0>)","tensor(0.2614, grad_fn=<MseLossBackward0>)","tensor(0.2270, grad_fn=<MseLossBackward0>)","tensor(-0.0957, grad_fn=<NegBackward0>)"
130.0,"tensor(-2.5209, grad_fn=<MeanBackward0>)","tensor(0.2547, grad_fn=<MseLossBackward0>)","tensor(0.2610, grad_fn=<MseLossBackward0>)","tensor(-0.0958, grad_fn=<NegBackward0>)"
131.0,"tensor(-2.5438, grad_fn=<MeanBackward0>)","tensor(0.2960, grad_fn=<MseLossBackward0>)","tensor(0.2751, grad_fn=<MseLossBackward0>)","tensor(-0.0976, grad_fn=<NegBackward0>)"
132.0,"tensor(-2.5399, grad_fn=<MeanBackward0>)","tensor(0.1720, grad_fn=<MseLossBackward0>)","tensor(0.1733, grad_fn=<MseLossBackward0>)","tensor(-0.0985, grad_fn=<NegBackward0>)"
133.0,"tensor(-2.5254, grad_fn=<MeanBackward0>)","tensor(0.2147, grad_fn=<MseLossBackward0>)","tensor(0.2054, grad_fn=<MseLossBackward0>)","tensor(-0.0997, grad_fn=<NegBackward0>)"
134.0,"tensor(-2.4922, grad_fn=<MeanBackward0>)","tensor(0.2116, grad_fn=<MseLossBackward0>)","tensor(0.2089, grad_fn=<MseLossBackward0>)","tensor(-0.0996, grad_fn=<NegBackward0>)"
135.0,"tensor(-2.5398, grad_fn=<MeanBackward0>)","tensor(0.1863, grad_fn=<MseLossBackward0>)","tensor(0.1677, grad_fn=<MseLossBackward0>)","tensor(-0.1018, grad_fn=<NegBackward0>)"
136.0,"tensor(-2.5590, grad_fn=<MeanBackward0>)","tensor(0.2698, grad_fn=<MseLossBackward0>)","tensor(0.2568, grad_fn=<MseLossBackward0>)","tensor(-0.1032, grad_fn=<NegBackward0>)"
137.0,"tensor(-2.5678, grad_fn=<MeanBackward0>)","tensor(0.1949, grad_fn=<MseLossBackward0>)","tensor(0.1848, grad_fn=<MseLossBackward0>)","tensor(-0.1036, grad_fn=<NegBackward0>)"
138.0,"tensor(-2.5237, grad_fn=<MeanBackward0>)","tensor(0.1898, grad_fn=<MseLossBackward0>)","tensor(0.1794, grad_fn=<MseLossBackward0>)","tensor(-0.1050, grad_fn=<NegBackward0>)"
139.0,"tensor(-2.5888, grad_fn=<MeanBackward0>)","tensor(0.2167, grad_fn=<MseLossBackward0>)","tensor(0.2047, grad_fn=<MseLossBackward0>)","tensor(-0.1061, grad_fn=<NegBackward0>)"
140.0,"tensor(-2.5430, grad_fn=<MeanBackward0>)","tensor(0.1837, grad_fn=<MseLossBackward0>)","tensor(0.1663, grad_fn=<MseLossBackward0>)","tensor(-0.1067, grad_fn=<NegBackward0>)"
141.0,"tensor(-2.6179, grad_fn=<MeanBackward0>)","tensor(0.2077, grad_fn=<MseLossBackward0>)","tensor(0.1837, grad_fn=<MseLossBackward0>)","tensor(-0.1089, grad_fn=<NegBackward0>)"
142.0,"tensor(-2.5626, grad_fn=<MeanBackward0>)","tensor(0.1882, grad_fn=<MseLossBackward0>)","tensor(0.1778, grad_fn=<MseLossBackward0>)","tensor(-0.1092, grad_fn=<NegBackward0>)"
143.0,"tensor(-2.5665, grad_fn=<MeanBackward0>)","tensor(0.1987, grad_fn=<MseLossBackward0>)","tensor(0.1796, grad_fn=<MseLossBackward0>)","tensor(-0.1106, grad_fn=<NegBackward0>)"
144.0,"tensor(-2.5879, grad_fn=<MeanBackward0>)","tensor(0.2089, grad_fn=<MseLossBackward0>)","tensor(0.2069, grad_fn=<MseLossBackward0>)","tensor(-0.1108, grad_fn=<NegBackward0>)"
145.0,"tensor(-2.5739, grad_fn=<MeanBackward0>)","tensor(0.2232, grad_fn=<MseLossBackward0>)","tensor(0.2115, grad_fn=<MseLossBackward0>)","tensor(-0.1115, grad_fn=<NegBackward0>)"
146.0,"tensor(-2.5657, grad_fn=<MeanBackward0>)","tensor(0.2339, grad_fn=<MseLossBackward0>)","tensor(0.2011, grad_fn=<MseLossBackward0>)","tensor(-0.1129, grad_fn=<NegBackward0>)"
147.0,"tensor(-2.5944, grad_fn=<MeanBackward0>)","tensor(0.1885, grad_fn=<MseLossBackward0>)","tensor(0.1718, grad_fn=<MseLossBackward0>)","tensor(-0.1151, grad_fn=<NegBackward0>)"
148.0,"tensor(-2.5613, grad_fn=<MeanBackward0>)","tensor(0.2116, grad_fn=<MseLossBackward0>)","tensor(0.2038, grad_fn=<MseLossBackward0>)","tensor(-0.1152, grad_fn=<NegBackward0>)"
149.0,"tensor(-2.5174, grad_fn=<MeanBackward0>)","tensor(0.1691, grad_fn=<MseLossBackward0>)","tensor(0.1596, grad_fn=<MseLossBackward0>)","tensor(-0.1146, grad_fn=<NegBackward0>)"
150.0,"tensor(-2.5676, grad_fn=<MeanBackward0>)","tensor(0.1889, grad_fn=<MseLossBackward0>)","tensor(0.1727, grad_fn=<MseLossBackward0>)","tensor(-0.1176, grad_fn=<NegBackward0>)"
151.0,"tensor(-2.5634, grad_fn=<MeanBackward0>)","tensor(0.2168, grad_fn=<MseLossBackward0>)","tensor(0.2060, grad_fn=<MseLossBackward0>)","tensor(-0.1182, grad_fn=<NegBackward0>)"
152.0,"tensor(-2.5688, grad_fn=<MeanBackward0>)","tensor(0.2423, grad_fn=<MseLossBackward0>)","tensor(0.2240, grad_fn=<MseLossBackward0>)","tensor(-0.1187, grad_fn=<NegBackward0>)"
153.0,"tensor(-2.5780, grad_fn=<MeanBackward0>)","tensor(0.2177, grad_fn=<MseLossBackward0>)","tensor(0.2049, grad_fn=<MseLossBackward0>)","tensor(-0.1200, grad_fn=<NegBackward0>)"
154.0,"tensor(-2.5557, grad_fn=<MeanBackward0>)","tensor(0.2531, grad_fn=<MseLossBackward0>)","tensor(0.2445, grad_fn=<MseLossBackward0>)","tensor(-0.1204, grad_fn=<NegBackward0>)"
155.0,"tensor(-2.5577, grad_fn=<MeanBackward0>)","tensor(0.1701, grad_fn=<MseLossBackward0>)","tensor(0.1631, grad_fn=<MseLossBackward0>)","tensor(-0.1219, grad_fn=<NegBackward0>)"
156.0,"tensor(-2.6402, grad_fn=<MeanBackward0>)","tensor(0.1962, grad_fn=<MseLossBackward0>)","tensor(0.1892, grad_fn=<MseLossBackward0>)","tensor(-0.1230, grad_fn=<NegBackward0>)"
157.0,"tensor(-2.5540, grad_fn=<MeanBackward0>)","tensor(0.2156, grad_fn=<MseLossBackward0>)","tensor(0.1978, grad_fn=<MseLossBackward0>)","tensor(-0.1230, grad_fn=<NegBackward0>)"
158.0,"tensor(-2.5645, grad_fn=<MeanBackward0>)","tensor(0.1972, grad_fn=<MseLossBackward0>)","tensor(0.1861, grad_fn=<MseLossBackward0>)","tensor(-0.1241, grad_fn=<NegBackward0>)"
159.0,"tensor(-2.6129, grad_fn=<MeanBackward0>)","tensor(0.1858, grad_fn=<MseLossBackward0>)","tensor(0.1799, grad_fn=<MseLossBackward0>)","tensor(-0.1277, grad_fn=<NegBackward0>)"
160.0,"tensor(-2.6360, grad_fn=<MeanBackward0>)","tensor(0.1755, grad_fn=<MseLossBackward0>)","tensor(0.1613, grad_fn=<MseLossBackward0>)","tensor(-0.1282, grad_fn=<NegBackward0>)"
161.0,"tensor(-2.6389, grad_fn=<MeanBackward0>)","tensor(0.2165, grad_fn=<MseLossBackward0>)","tensor(0.1963, grad_fn=<MseLossBackward0>)","tensor(-0.1279, grad_fn=<NegBackward0>)"
162.0,"tensor(-2.5398, grad_fn=<MeanBackward0>)","tensor(0.2496, grad_fn=<MseLossBackward0>)","tensor(0.2517, grad_fn=<MseLossBackward0>)","tensor(-0.1268, grad_fn=<NegBackward0>)"
163.0,"tensor(-2.6149, grad_fn=<MeanBackward0>)","tensor(0.1857, grad_fn=<MseLossBackward0>)","tensor(0.1720, grad_fn=<MseLossBackward0>)","tensor(-0.1309, grad_fn=<NegBackward0>)"
164.0,"tensor(-2.6208, grad_fn=<MeanBackward0>)","tensor(0.1827, grad_fn=<MseLossBackward0>)","tensor(0.1676, grad_fn=<MseLossBackward0>)","tensor(-0.1321, grad_fn=<NegBackward0>)"
165.0,"tensor(-2.6242, grad_fn=<MeanBackward0>)","tensor(0.2066, grad_fn=<MseLossBackward0>)","tensor(0.1784, grad_fn=<MseLossBackward0>)","tensor(-0.1328, grad_fn=<NegBackward0>)"
166.0,"tensor(-2.6369, grad_fn=<MeanBackward0>)","tensor(0.2079, grad_fn=<MseLossBackward0>)","tensor(0.2048, grad_fn=<MseLossBackward0>)","tensor(-0.1348, grad_fn=<NegBackward0>)"
167.0,"tensor(-2.6445, grad_fn=<MeanBackward0>)","tensor(0.1928, grad_fn=<MseLossBackward0>)","tensor(0.1838, grad_fn=<MseLossBackward0>)","tensor(-0.1351, grad_fn=<NegBackward0>)"
168.0,"tensor(-2.6350, grad_fn=<MeanBackward0>)","tensor(0.2068, grad_fn=<MseLossBackward0>)","tensor(0.2000, grad_fn=<MseLossBackward0>)","tensor(-0.1367, grad_fn=<NegBackward0>)"
169.0,"tensor(-2.6584, grad_fn=<MeanBackward0>)","tensor(0.2539, grad_fn=<MseLossBackward0>)","tensor(0.2390, grad_fn=<MseLossBackward0>)","tensor(-0.1368, grad_fn=<NegBackward0>)"
170.0,"tensor(-2.6153, grad_fn=<MeanBackward0>)","tensor(0.2455, grad_fn=<MseLossBackward0>)","tensor(0.2261, grad_fn=<MseLossBackward0>)","tensor(-0.1367, grad_fn=<NegBackward0>)"
171.0,"tensor(-2.7038, grad_fn=<MeanBackward0>)","tensor(0.1891, grad_fn=<MseLossBackward0>)","tensor(0.1814, grad_fn=<MseLossBackward0>)","tensor(-0.1406, grad_fn=<NegBackward0>)"
172.0,"tensor(-2.6806, grad_fn=<MeanBackward0>)","tensor(0.2130, grad_fn=<MseLossBackward0>)","tensor(0.2004, grad_fn=<MseLossBackward0>)","tensor(-0.1407, grad_fn=<NegBackward0>)"
173.0,"tensor(-2.6533, grad_fn=<MeanBackward0>)","tensor(0.2051, grad_fn=<MseLossBackward0>)","tensor(0.1937, grad_fn=<MseLossBackward0>)","tensor(-0.1401, grad_fn=<NegBackward0>)"
174.0,"tensor(-2.6908, grad_fn=<MeanBackward0>)","tensor(0.1862, grad_fn=<MseLossBackward0>)","tensor(0.1797, grad_fn=<MseLossBackward0>)","tensor(-0.1428, grad_fn=<NegBackward0>)"
175.0,"tensor(-2.6801, grad_fn=<MeanBackward0>)","tensor(0.2029, grad_fn=<MseLossBackward0>)","tensor(0.1988, grad_fn=<MseLossBackward0>)","tensor(-0.1434, grad_fn=<NegBackward0>)"
176.0,"tensor(-2.6762, grad_fn=<MeanBackward0>)","tensor(0.1768, grad_fn=<MseLossBackward0>)","tensor(0.1668, grad_fn=<MseLossBackward0>)","tensor(-0.1443, grad_fn=<NegBackward0>)"
177.0,"tensor(-2.6765, grad_fn=<MeanBackward0>)","tensor(0.2230, grad_fn=<MseLossBackward0>)","tensor(0.2006, grad_fn=<MseLossBackward0>)","tensor(-0.1455, grad_fn=<NegBackward0>)"
178.0,"tensor(-2.6820, grad_fn=<MeanBackward0>)","tensor(0.2263, grad_fn=<MseLossBackward0>)","tensor(0.2189, grad_fn=<MseLossBackward0>)","tensor(-0.1458, grad_fn=<NegBackward0>)"
179.0,"tensor(-2.6798, grad_fn=<MeanBackward0>)","tensor(0.2564, grad_fn=<MseLossBackward0>)","tensor(0.2546, grad_fn=<MseLossBackward0>)","tensor(-0.1475, grad_fn=<NegBackward0>)"
180.0,"tensor(-2.6342, grad_fn=<MeanBackward0>)","tensor(0.2510, grad_fn=<MseLossBackward0>)","tensor(0.2366, grad_fn=<MseLossBackward0>)","tensor(-0.1461, grad_fn=<NegBackward0>)"
181.0,"tensor(-2.6775, grad_fn=<MeanBackward0>)","tensor(0.1966, grad_fn=<MseLossBackward0>)","tensor(0.1843, grad_fn=<MseLossBackward0>)","tensor(-0.1495, grad_fn=<NegBackward0>)"
182.0,"tensor(-2.7305, grad_fn=<MeanBackward0>)","tensor(0.1952, grad_fn=<MseLossBackward0>)","tensor(0.1841, grad_fn=<MseLossBackward0>)","tensor(-0.1523, grad_fn=<NegBackward0>)"
183.0,"tensor(-2.6560, grad_fn=<MeanBackward0>)","tensor(0.1494, grad_fn=<MseLossBackward0>)","tensor(0.1416, grad_fn=<MseLossBackward0>)","tensor(-0.1508, grad_fn=<NegBackward0>)"
184.0,"tensor(-2.6756, grad_fn=<MeanBackward0>)","tensor(0.1529, grad_fn=<MseLossBackward0>)","tensor(0.1481, grad_fn=<MseLossBackward0>)","tensor(-0.1510, grad_fn=<NegBackward0>)"
185.0,"tensor(-2.7052, grad_fn=<MeanBackward0>)","tensor(0.1765, grad_fn=<MseLossBackward0>)","tensor(0.1761, grad_fn=<MseLossBackward0>)","tensor(-0.1534, grad_fn=<NegBackward0>)"
186.0,"tensor(-2.7219, grad_fn=<MeanBackward0>)","tensor(0.1909, grad_fn=<MseLossBackward0>)","tensor(0.1753, grad_fn=<MseLossBackward0>)","tensor(-0.1545, grad_fn=<NegBackward0>)"
187.0,"tensor(-2.7577, grad_fn=<MeanBackward0>)","tensor(0.2293, grad_fn=<MseLossBackward0>)","tensor(0.2095, grad_fn=<MseLossBackward0>)","tensor(-0.1569, grad_fn=<NegBackward0>)"
188.0,"tensor(-2.6622, grad_fn=<MeanBackward0>)","tensor(0.2215, grad_fn=<MseLossBackward0>)","tensor(0.2070, grad_fn=<MseLossBackward0>)","tensor(-0.1554, grad_fn=<NegBackward0>)"
189.0,"tensor(-2.7167, grad_fn=<MeanBackward0>)","tensor(0.1766, grad_fn=<MseLossBackward0>)","tensor(0.1690, grad_fn=<MseLossBackward0>)","tensor(-0.1570, grad_fn=<NegBackward0>)"
190.0,"tensor(-2.7316, grad_fn=<MeanBackward0>)","tensor(0.1643, grad_fn=<MseLossBackward0>)","tensor(0.1567, grad_fn=<MseLossBackward0>)","tensor(-0.1596, grad_fn=<NegBackward0>)"
191.0,"tensor(-2.7223, grad_fn=<MeanBackward0>)","tensor(0.2286, grad_fn=<MseLossBackward0>)","tensor(0.2176, grad_fn=<MseLossBackward0>)","tensor(-0.1601, grad_fn=<NegBackward0>)"
192.0,"tensor(-2.7302, grad_fn=<MeanBackward0>)","tensor(0.1941, grad_fn=<MseLossBackward0>)","tensor(0.1867, grad_fn=<MseLossBackward0>)","tensor(-0.1607, grad_fn=<NegBackward0>)"
193.0,"tensor(-2.7129, grad_fn=<MeanBackward0>)","tensor(0.2000, grad_fn=<MseLossBackward0>)","tensor(0.1953, grad_fn=<MseLossBackward0>)","tensor(-0.1602, grad_fn=<NegBackward0>)"
194.0,"tensor(-2.7443, grad_fn=<MeanBackward0>)","tensor(0.1811, grad_fn=<MseLossBackward0>)","tensor(0.1746, grad_fn=<MseLossBackward0>)","tensor(-0.1637, grad_fn=<NegBackward0>)"
195.0,"tensor(-2.8091, grad_fn=<MeanBackward0>)","tensor(0.1736, grad_fn=<MseLossBackward0>)","tensor(0.1681, grad_fn=<MseLossBackward0>)","tensor(-0.1652, grad_fn=<NegBackward0>)"
196.0,"tensor(-2.7365, grad_fn=<MeanBackward0>)","tensor(0.2135, grad_fn=<MseLossBackward0>)","tensor(0.2127, grad_fn=<MseLossBackward0>)","tensor(-0.1655, grad_fn=<NegBackward0>)"
197.0,"tensor(-2.7398, grad_fn=<MeanBackward0>)","tensor(0.2235, grad_fn=<MseLossBackward0>)","tensor(0.2221, grad_fn=<MseLossBackward0>)","tensor(-0.1647, grad_fn=<NegBackward0>)"
198.0,"tensor(-2.6863, grad_fn=<MeanBackward0>)","tensor(0.2124, grad_fn=<MseLossBackward0>)","tensor(0.2074, grad_fn=<MseLossBackward0>)","tensor(-0.1665, grad_fn=<NegBackward0>)"
199.0,"tensor(-2.7001, grad_fn=<MeanBackward0>)","tensor(0.2437, grad_fn=<MseLossBackward0>)","tensor(0.2476, grad_fn=<MseLossBackward0>)","tensor(-0.1680, grad_fn=<NegBackward0>)"
200.0,"tensor(-2.6821, grad_fn=<MeanBackward0>)","tensor(0.2475, grad_fn=<MseLossBackward0>)","tensor(0.2379, grad_fn=<MseLossBackward0>)","tensor(-0.1689, grad_fn=<NegBackward0>)"
201.0,"tensor(-2.6840, grad_fn=<MeanBackward0>)","tensor(0.3018, grad_fn=<MseLossBackward0>)","tensor(0.2937, grad_fn=<MseLossBackward0>)","tensor(-0.1685, grad_fn=<NegBackward0>)"
202.0,"tensor(-2.6393, grad_fn=<MeanBackward0>)","tensor(0.2391, grad_fn=<MseLossBackward0>)","tensor(0.2402, grad_fn=<MseLossBackward0>)","tensor(-0.1699, grad_fn=<NegBackward0>)"
203.0,"tensor(-2.6803, grad_fn=<MeanBackward0>)","tensor(0.2062, grad_fn=<MseLossBackward0>)","tensor(0.2030, grad_fn=<MseLossBackward0>)","tensor(-0.1725, grad_fn=<NegBackward0>)"
204.0,"tensor(-2.6937, grad_fn=<MeanBackward0>)","tensor(0.1922, grad_fn=<MseLossBackward0>)","tensor(0.1784, grad_fn=<MseLossBackward0>)","tensor(-0.1743, grad_fn=<NegBackward0>)"
205.0,"tensor(-2.6694, grad_fn=<MeanBackward0>)","tensor(0.2005, grad_fn=<MseLossBackward0>)","tensor(0.1875, grad_fn=<MseLossBackward0>)","tensor(-0.1715, grad_fn=<NegBackward0>)"
206.0,"tensor(-2.7228, grad_fn=<MeanBackward0>)","tensor(0.1882, grad_fn=<MseLossBackward0>)","tensor(0.1912, grad_fn=<MseLossBackward0>)","tensor(-0.1747, grad_fn=<NegBackward0>)"
207.0,"tensor(-2.7261, grad_fn=<MeanBackward0>)","tensor(0.1845, grad_fn=<MseLossBackward0>)","tensor(0.1738, grad_fn=<MseLossBackward0>)","tensor(-0.1756, grad_fn=<NegBackward0>)"
208.0,"tensor(-2.6944, grad_fn=<MeanBackward0>)","tensor(0.2092, grad_fn=<MseLossBackward0>)","tensor(0.2033, grad_fn=<MseLossBackward0>)","tensor(-0.1768, grad_fn=<NegBackward0>)"
209.0,"tensor(-2.6661, grad_fn=<MeanBackward0>)","tensor(0.2023, grad_fn=<MseLossBackward0>)","tensor(0.1876, grad_fn=<MseLossBackward0>)","tensor(-0.1764, grad_fn=<NegBackward0>)"
210.0,"tensor(-2.7280, grad_fn=<MeanBackward0>)","tensor(0.2288, grad_fn=<MseLossBackward0>)","tensor(0.2134, grad_fn=<MseLossBackward0>)","tensor(-0.1776, grad_fn=<NegBackward0>)"
211.0,"tensor(-2.7562, grad_fn=<MeanBackward0>)","tensor(0.1919, grad_fn=<MseLossBackward0>)","tensor(0.1862, grad_fn=<MseLossBackward0>)","tensor(-0.1788, grad_fn=<NegBackward0>)"
212.0,"tensor(-2.7022, grad_fn=<MeanBackward0>)","tensor(0.1963, grad_fn=<MseLossBackward0>)","tensor(0.1782, grad_fn=<MseLossBackward0>)","tensor(-0.1792, grad_fn=<NegBackward0>)"
213.0,"tensor(-2.6842, grad_fn=<MeanBackward0>)","tensor(0.2649, grad_fn=<MseLossBackward0>)","tensor(0.2574, grad_fn=<MseLossBackward0>)","tensor(-0.1794, grad_fn=<NegBackward0>)"
214.0,"tensor(-2.6978, grad_fn=<MeanBackward0>)","tensor(0.2676, grad_fn=<MseLossBackward0>)","tensor(0.2599, grad_fn=<MseLossBackward0>)","tensor(-0.1812, grad_fn=<NegBackward0>)"
215.0,"tensor(-2.7413, grad_fn=<MeanBackward0>)","tensor(0.1927, grad_fn=<MseLossBackward0>)","tensor(0.1912, grad_fn=<MseLossBackward0>)","tensor(-0.1823, grad_fn=<NegBackward0>)"
216.0,"tensor(-2.8095, grad_fn=<MeanBackward0>)","tensor(0.1951, grad_fn=<MseLossBackward0>)","tensor(0.1935, grad_fn=<MseLossBackward0>)","tensor(-0.1871, grad_fn=<NegBackward0>)"
217.0,"tensor(-2.7462, grad_fn=<MeanBackward0>)","tensor(0.2240, grad_fn=<MseLossBackward0>)","tensor(0.2074, grad_fn=<MseLossBackward0>)","tensor(-0.1858, grad_fn=<NegBackward0>)"
218.0,"tensor(-2.6602, grad_fn=<MeanBackward0>)","tensor(0.2630, grad_fn=<MseLossBackward0>)","tensor(0.2540, grad_fn=<MseLossBackward0>)","tensor(-0.1839, grad_fn=<NegBackward0>)"
219.0,"tensor(-2.7273, grad_fn=<MeanBackward0>)","tensor(0.1876, grad_fn=<MseLossBackward0>)","tensor(0.1869, grad_fn=<MseLossBackward0>)","tensor(-0.1866, grad_fn=<NegBackward0>)"
220.0,"tensor(-2.7506, grad_fn=<MeanBackward0>)","tensor(0.1647, grad_fn=<MseLossBackward0>)","tensor(0.1577, grad_fn=<MseLossBackward0>)","tensor(-0.1906, grad_fn=<NegBackward0>)"
221.0,"tensor(-2.6988, grad_fn=<MeanBackward0>)","tensor(0.2191, grad_fn=<MseLossBackward0>)","tensor(0.2066, grad_fn=<MseLossBackward0>)","tensor(-0.1900, grad_fn=<NegBackward0>)"
222.0,"tensor(-2.7200, grad_fn=<MeanBackward0>)","tensor(0.2080, grad_fn=<MseLossBackward0>)","tensor(0.1994, grad_fn=<MseLossBackward0>)","tensor(-0.1919, grad_fn=<NegBackward0>)"
223.0,"tensor(-2.6971, grad_fn=<MeanBackward0>)","tensor(0.2237, grad_fn=<MseLossBackward0>)","tensor(0.2039, grad_fn=<MseLossBackward0>)","tensor(-0.1926, grad_fn=<NegBackward0>)"
224.0,"tensor(-2.6579, grad_fn=<MeanBackward0>)","tensor(0.1912, grad_fn=<MseLossBackward0>)","tensor(0.1846, grad_fn=<MseLossBackward0>)","tensor(-0.1911, grad_fn=<NegBackward0>)"
225.0,"tensor(-2.7348, grad_fn=<MeanBackward0>)","tensor(0.1952, grad_fn=<MseLossBackward0>)","tensor(0.1995, grad_fn=<MseLossBackward0>)","tensor(-0.1946, grad_fn=<NegBackward0>)"
226.0,"tensor(-2.7033, grad_fn=<MeanBackward0>)","tensor(0.2796, grad_fn=<MseLossBackward0>)","tensor(0.2668, grad_fn=<MseLossBackward0>)","tensor(-0.1933, grad_fn=<NegBackward0>)"
227.0,"tensor(-2.7369, grad_fn=<MeanBackward0>)","tensor(0.2155, grad_fn=<MseLossBackward0>)","tensor(0.2158, grad_fn=<MseLossBackward0>)","tensor(-0.1948, grad_fn=<NegBackward0>)"
228.0,"tensor(-2.7595, grad_fn=<MeanBackward0>)","tensor(0.1996, grad_fn=<MseLossBackward0>)","tensor(0.1979, grad_fn=<MseLossBackward0>)","tensor(-0.1971, grad_fn=<NegBackward0>)"
229.0,"tensor(-2.7459, grad_fn=<MeanBackward0>)","tensor(0.2106, grad_fn=<MseLossBackward0>)","tensor(0.2061, grad_fn=<MseLossBackward0>)","tensor(-0.2003, grad_fn=<NegBackward0>)"
230.0,"tensor(-2.7814, grad_fn=<MeanBackward0>)","tensor(0.1922, grad_fn=<MseLossBackward0>)","tensor(0.1870, grad_fn=<MseLossBackward0>)","tensor(-0.2002, grad_fn=<NegBackward0>)"
231.0,"tensor(-2.7964, grad_fn=<MeanBackward0>)","tensor(0.1981, grad_fn=<MseLossBackward0>)","tensor(0.1946, grad_fn=<MseLossBackward0>)","tensor(-0.2010, grad_fn=<NegBackward0>)"
232.0,"tensor(-2.7969, grad_fn=<MeanBackward0>)","tensor(0.2076, grad_fn=<MseLossBackward0>)","tensor(0.1976, grad_fn=<MseLossBackward0>)","tensor(-0.2026, grad_fn=<NegBackward0>)"
233.0,"tensor(-2.8130, grad_fn=<MeanBackward0>)","tensor(0.1865, grad_fn=<MseLossBackward0>)","tensor(0.1838, grad_fn=<MseLossBackward0>)","tensor(-0.2051, grad_fn=<NegBackward0>)"
234.0,"tensor(-2.8093, grad_fn=<MeanBackward0>)","tensor(0.2148, grad_fn=<MseLossBackward0>)","tensor(0.1896, grad_fn=<MseLossBackward0>)","tensor(-0.2035, grad_fn=<NegBackward0>)"
235.0,"tensor(-2.7788, grad_fn=<MeanBackward0>)","tensor(0.1819, grad_fn=<MseLossBackward0>)","tensor(0.1707, grad_fn=<MseLossBackward0>)","tensor(-0.2059, grad_fn=<NegBackward0>)"
236.0,"tensor(-2.7572, grad_fn=<MeanBackward0>)","tensor(0.2124, grad_fn=<MseLossBackward0>)","tensor(0.2074, grad_fn=<MseLossBackward0>)","tensor(-0.2062, grad_fn=<NegBackward0>)"
237.0,"tensor(-2.7975, grad_fn=<MeanBackward0>)","tensor(0.2157, grad_fn=<MseLossBackward0>)","tensor(0.2061, grad_fn=<MseLossBackward0>)","tensor(-0.2074, grad_fn=<NegBackward0>)"
238.0,"tensor(-2.7615, grad_fn=<MeanBackward0>)","tensor(0.2452, grad_fn=<MseLossBackward0>)","tensor(0.2420, grad_fn=<MseLossBackward0>)","tensor(-0.2067, grad_fn=<NegBackward0>)"
239.0,"tensor(-2.7514, grad_fn=<MeanBackward0>)","tensor(0.2330, grad_fn=<MseLossBackward0>)","tensor(0.2126, grad_fn=<MseLossBackward0>)","tensor(-0.2084, grad_fn=<NegBackward0>)"
240.0,"tensor(-2.7812, grad_fn=<MeanBackward0>)","tensor(0.1714, grad_fn=<MseLossBackward0>)","tensor(0.1593, grad_fn=<MseLossBackward0>)","tensor(-0.2109, grad_fn=<NegBackward0>)"
241.0,"tensor(-2.7031, grad_fn=<MeanBackward0>)","tensor(0.1778, grad_fn=<MseLossBackward0>)","tensor(0.1719, grad_fn=<MseLossBackward0>)","tensor(-0.2101, grad_fn=<NegBackward0>)"
242.0,"tensor(-2.8121, grad_fn=<MeanBackward0>)","tensor(0.1775, grad_fn=<MseLossBackward0>)","tensor(0.1761, grad_fn=<MseLossBackward0>)","tensor(-0.2133, grad_fn=<NegBackward0>)"
243.0,"tensor(-2.7104, grad_fn=<MeanBackward0>)","tensor(0.2140, grad_fn=<MseLossBackward0>)","tensor(0.2037, grad_fn=<MseLossBackward0>)","tensor(-0.2113, grad_fn=<NegBackward0>)"
244.0,"tensor(-2.7905, grad_fn=<MeanBackward0>)","tensor(0.2121, grad_fn=<MseLossBackward0>)","tensor(0.2034, grad_fn=<MseLossBackward0>)","tensor(-0.2148, grad_fn=<NegBackward0>)"
245.0,"tensor(-2.7729, grad_fn=<MeanBackward0>)","tensor(0.1723, grad_fn=<MseLossBackward0>)","tensor(0.1647, grad_fn=<MseLossBackward0>)","tensor(-0.2156, grad_fn=<NegBackward0>)"
246.0,"tensor(-2.7822, grad_fn=<MeanBackward0>)","tensor(0.1881, grad_fn=<MseLossBackward0>)","tensor(0.1806, grad_fn=<MseLossBackward0>)","tensor(-0.2167, grad_fn=<NegBackward0>)"
247.0,"tensor(-2.7551, grad_fn=<MeanBackward0>)","tensor(0.2007, grad_fn=<MseLossBackward0>)","tensor(0.1976, grad_fn=<MseLossBackward0>)","tensor(-0.2154, grad_fn=<NegBackward0>)"
248.0,"tensor(-2.7810, grad_fn=<MeanBackward0>)","tensor(0.2014, grad_fn=<MseLossBackward0>)","tensor(0.1955, grad_fn=<MseLossBackward0>)","tensor(-0.2182, grad_fn=<NegBackward0>)"
249.0,"tensor(-2.8320, grad_fn=<MeanBackward0>)","tensor(0.1981, grad_fn=<MseLossBackward0>)","tensor(0.2015, grad_fn=<MseLossBackward0>)","tensor(-0.2191, grad_fn=<NegBackward0>)"
250.0,"tensor(-2.8244, grad_fn=<MeanBackward0>)","tensor(0.1858, grad_fn=<MseLossBackward0>)","tensor(0.1723, grad_fn=<MseLossBackward0>)","tensor(-0.2218, grad_fn=<NegBackward0>)"
251.0,"tensor(-2.8094, grad_fn=<MeanBackward0>)","tensor(0.2183, grad_fn=<MseLossBackward0>)","tensor(0.2121, grad_fn=<MseLossBackward0>)","tensor(-0.2210, grad_fn=<NegBackward0>)"
252.0,"tensor(-2.7809, grad_fn=<MeanBackward0>)","tensor(0.2125, grad_fn=<MseLossBackward0>)","tensor(0.2116, grad_fn=<MseLossBackward0>)","tensor(-0.2212, grad_fn=<NegBackward0>)"
253.0,"tensor(-2.7823, grad_fn=<MeanBackward0>)","tensor(0.2164, grad_fn=<MseLossBackward0>)","tensor(0.1993, grad_fn=<MseLossBackward0>)","tensor(-0.2232, grad_fn=<NegBackward0>)"
254.0,"tensor(-2.8067, grad_fn=<MeanBackward0>)","tensor(0.2051, grad_fn=<MseLossBackward0>)","tensor(0.2048, grad_fn=<MseLossBackward0>)","tensor(-0.2244, grad_fn=<NegBackward0>)"
255.0,"tensor(-2.8421, grad_fn=<MeanBackward0>)","tensor(0.1771, grad_fn=<MseLossBackward0>)","tensor(0.1642, grad_fn=<MseLossBackward0>)","tensor(-0.2258, grad_fn=<NegBackward0>)"
256.0,"tensor(-2.8154, grad_fn=<MeanBackward0>)","tensor(0.1923, grad_fn=<MseLossBackward0>)","tensor(0.1854, grad_fn=<MseLossBackward0>)","tensor(-0.2262, grad_fn=<NegBackward0>)"
257.0,"tensor(-2.7931, grad_fn=<MeanBackward0>)","tensor(0.1922, grad_fn=<MseLossBackward0>)","tensor(0.1822, grad_fn=<MseLossBackward0>)","tensor(-0.2257, grad_fn=<NegBackward0>)"
258.0,"tensor(-2.8788, grad_fn=<MeanBackward0>)","tensor(0.1738, grad_fn=<MseLossBackward0>)","tensor(0.1636, grad_fn=<MseLossBackward0>)","tensor(-0.2292, grad_fn=<NegBackward0>)"
259.0,"tensor(-2.8952, grad_fn=<MeanBackward0>)","tensor(0.2131, grad_fn=<MseLossBackward0>)","tensor(0.2050, grad_fn=<MseLossBackward0>)","tensor(-0.2318, grad_fn=<NegBackward0>)"
260.0,"tensor(-2.8442, grad_fn=<MeanBackward0>)","tensor(0.1615, grad_fn=<MseLossBackward0>)","tensor(0.1594, grad_fn=<MseLossBackward0>)","tensor(-0.2293, grad_fn=<NegBackward0>)"
261.0,"tensor(-2.8029, grad_fn=<MeanBackward0>)","tensor(0.1583, grad_fn=<MseLossBackward0>)","tensor(0.1453, grad_fn=<MseLossBackward0>)","tensor(-0.2308, grad_fn=<NegBackward0>)"
262.0,"tensor(-2.8840, grad_fn=<MeanBackward0>)","tensor(0.1898, grad_fn=<MseLossBackward0>)","tensor(0.1785, grad_fn=<MseLossBackward0>)","tensor(-0.2334, grad_fn=<NegBackward0>)"
263.0,"tensor(-2.8745, grad_fn=<MeanBackward0>)","tensor(0.1585, grad_fn=<MseLossBackward0>)","tensor(0.1592, grad_fn=<MseLossBackward0>)","tensor(-0.2336, grad_fn=<NegBackward0>)"
264.0,"tensor(-2.8922, grad_fn=<MeanBackward0>)","tensor(0.1834, grad_fn=<MseLossBackward0>)","tensor(0.1665, grad_fn=<MseLossBackward0>)","tensor(-0.2343, grad_fn=<NegBackward0>)"
265.0,"tensor(-2.8714, grad_fn=<MeanBackward0>)","tensor(0.2046, grad_fn=<MseLossBackward0>)","tensor(0.1969, grad_fn=<MseLossBackward0>)","tensor(-0.2366, grad_fn=<NegBackward0>)"
266.0,"tensor(-2.8498, grad_fn=<MeanBackward0>)","tensor(0.1859, grad_fn=<MseLossBackward0>)","tensor(0.1830, grad_fn=<MseLossBackward0>)","tensor(-0.2385, grad_fn=<NegBackward0>)"
267.0,"tensor(-2.8465, grad_fn=<MeanBackward0>)","tensor(0.1749, grad_fn=<MseLossBackward0>)","tensor(0.1631, grad_fn=<MseLossBackward0>)","tensor(-0.2373, grad_fn=<NegBackward0>)"
268.0,"tensor(-2.8788, grad_fn=<MeanBackward0>)","tensor(0.1832, grad_fn=<MseLossBackward0>)","tensor(0.1704, grad_fn=<MseLossBackward0>)","tensor(-0.2415, grad_fn=<NegBackward0>)"
269.0,"tensor(-2.9153, grad_fn=<MeanBackward0>)","tensor(0.1838, grad_fn=<MseLossBackward0>)","tensor(0.1821, grad_fn=<MseLossBackward0>)","tensor(-0.2419, grad_fn=<NegBackward0>)"
270.0,"tensor(-2.8769, grad_fn=<MeanBackward0>)","tensor(0.1514, grad_fn=<MseLossBackward0>)","tensor(0.1382, grad_fn=<MseLossBackward0>)","tensor(-0.2422, grad_fn=<NegBackward0>)"
271.0,"tensor(-2.8757, grad_fn=<MeanBackward0>)","tensor(0.1996, grad_fn=<MseLossBackward0>)","tensor(0.2049, grad_fn=<MseLossBackward0>)","tensor(-0.2436, grad_fn=<NegBackward0>)"
272.0,"tensor(-2.8711, grad_fn=<MeanBackward0>)","tensor(0.1866, grad_fn=<MseLossBackward0>)","tensor(0.1975, grad_fn=<MseLossBackward0>)","tensor(-0.2423, grad_fn=<NegBackward0>)"
273.0,"tensor(-2.8267, grad_fn=<MeanBackward0>)","tensor(0.1940, grad_fn=<MseLossBackward0>)","tensor(0.1943, grad_fn=<MseLossBackward0>)","tensor(-0.2428, grad_fn=<NegBackward0>)"
274.0,"tensor(-2.8505, grad_fn=<MeanBackward0>)","tensor(0.1746, grad_fn=<MseLossBackward0>)","tensor(0.1599, grad_fn=<MseLossBackward0>)","tensor(-0.2460, grad_fn=<NegBackward0>)"
275.0,"tensor(-2.8724, grad_fn=<MeanBackward0>)","tensor(0.1892, grad_fn=<MseLossBackward0>)","tensor(0.1727, grad_fn=<MseLossBackward0>)","tensor(-0.2456, grad_fn=<NegBackward0>)"
276.0,"tensor(-2.8212, grad_fn=<MeanBackward0>)","tensor(0.1771, grad_fn=<MseLossBackward0>)","tensor(0.1631, grad_fn=<MseLossBackward0>)","tensor(-0.2463, grad_fn=<NegBackward0>)"
277.0,"tensor(-2.8257, grad_fn=<MeanBackward0>)","tensor(0.2017, grad_fn=<MseLossBackward0>)","tensor(0.1952, grad_fn=<MseLossBackward0>)","tensor(-0.2478, grad_fn=<NegBackward0>)"
278.0,"tensor(-2.8338, grad_fn=<MeanBackward0>)","tensor(0.1841, grad_fn=<MseLossBackward0>)","tensor(0.1810, grad_fn=<MseLossBackward0>)","tensor(-0.2482, grad_fn=<NegBackward0>)"
279.0,"tensor(-2.8319, grad_fn=<MeanBackward0>)","tensor(0.1966, grad_fn=<MseLossBackward0>)","tensor(0.1935, grad_fn=<MseLossBackward0>)","tensor(-0.2471, grad_fn=<NegBackward0>)"
280.0,"tensor(-2.8305, grad_fn=<MeanBackward0>)","tensor(0.1675, grad_fn=<MseLossBackward0>)","tensor(0.1643, grad_fn=<MseLossBackward0>)","tensor(-0.2511, grad_fn=<NegBackward0>)"
281.0,"tensor(-2.8171, grad_fn=<MeanBackward0>)","tensor(0.2048, grad_fn=<MseLossBackward0>)","tensor(0.2042, grad_fn=<MseLossBackward0>)","tensor(-0.2532, grad_fn=<NegBackward0>)"
282.0,"tensor(-2.8420, grad_fn=<MeanBackward0>)","tensor(0.1948, grad_fn=<MseLossBackward0>)","tensor(0.1918, grad_fn=<MseLossBackward0>)","tensor(-0.2529, grad_fn=<NegBackward0>)"
283.0,"tensor(-2.8477, grad_fn=<MeanBackward0>)","tensor(0.1590, grad_fn=<MseLossBackward0>)","tensor(0.1585, grad_fn=<MseLossBackward0>)","tensor(-0.2551, grad_fn=<NegBackward0>)"
284.0,"tensor(-2.8970, grad_fn=<MeanBackward0>)","tensor(0.2590, grad_fn=<MseLossBackward0>)","tensor(0.2622, grad_fn=<MseLossBackward0>)","tensor(-0.2556, grad_fn=<NegBackward0>)"
285.0,"tensor(-2.8423, grad_fn=<MeanBackward0>)","tensor(0.1723, grad_fn=<MseLossBackward0>)","tensor(0.1685, grad_fn=<MseLossBackward0>)","tensor(-0.2532, grad_fn=<NegBackward0>)"
286.0,"tensor(-2.9309, grad_fn=<MeanBackward0>)","tensor(0.1857, grad_fn=<MseLossBackward0>)","tensor(0.1826, grad_fn=<MseLossBackward0>)","tensor(-0.2603, grad_fn=<NegBackward0>)"
287.0,"tensor(-2.8982, grad_fn=<MeanBackward0>)","tensor(0.1871, grad_fn=<MseLossBackward0>)","tensor(0.1887, grad_fn=<MseLossBackward0>)","tensor(-0.2571, grad_fn=<NegBackward0>)"
288.0,"tensor(-2.8512, grad_fn=<MeanBackward0>)","tensor(0.1952, grad_fn=<MseLossBackward0>)","tensor(0.1886, grad_fn=<MseLossBackward0>)","tensor(-0.2583, grad_fn=<NegBackward0>)"
289.0,"tensor(-2.9080, grad_fn=<MeanBackward0>)","tensor(0.1555, grad_fn=<MseLossBackward0>)","tensor(0.1485, grad_fn=<MseLossBackward0>)","tensor(-0.2605, grad_fn=<NegBackward0>)"
290.0,"tensor(-2.8542, grad_fn=<MeanBackward0>)","tensor(0.1639, grad_fn=<MseLossBackward0>)","tensor(0.1592, grad_fn=<MseLossBackward0>)","tensor(-0.2603, grad_fn=<NegBackward0>)"
291.0,"tensor(-2.8334, grad_fn=<MeanBackward0>)","tensor(0.2039, grad_fn=<MseLossBackward0>)","tensor(0.1918, grad_fn=<MseLossBackward0>)","tensor(-0.2611, grad_fn=<NegBackward0>)"
292.0,"tensor(-2.8734, grad_fn=<MeanBackward0>)","tensor(0.1920, grad_fn=<MseLossBackward0>)","tensor(0.1794, grad_fn=<MseLossBackward0>)","tensor(-0.2653, grad_fn=<NegBackward0>)"
293.0,"tensor(-2.8538, grad_fn=<MeanBackward0>)","tensor(0.1708, grad_fn=<MseLossBackward0>)","tensor(0.1636, grad_fn=<MseLossBackward0>)","tensor(-0.2672, grad_fn=<NegBackward0>)"
294.0,"tensor(-2.7879, grad_fn=<MeanBackward0>)","tensor(0.2064, grad_fn=<MseLossBackward0>)","tensor(0.1950, grad_fn=<MseLossBackward0>)","tensor(-0.2632, grad_fn=<NegBackward0>)"
295.0,"tensor(-2.8102, grad_fn=<MeanBackward0>)","tensor(0.2283, grad_fn=<MseLossBackward0>)","tensor(0.2237, grad_fn=<MseLossBackward0>)","tensor(-0.2634, grad_fn=<NegBackward0>)"
296.0,"tensor(-2.8336, grad_fn=<MeanBackward0>)","tensor(0.2328, grad_fn=<MseLossBackward0>)","tensor(0.2176, grad_fn=<MseLossBackward0>)","tensor(-0.2636, grad_fn=<NegBackward0>)"
297.0,"tensor(-2.8587, grad_fn=<MeanBackward0>)","tensor(0.1665, grad_fn=<MseLossBackward0>)","tensor(0.1660, grad_fn=<MseLossBackward0>)","tensor(-0.2672, grad_fn=<NegBackward0>)"
298.0,"tensor(-2.8030, grad_fn=<MeanBackward0>)","tensor(0.1809, grad_fn=<MseLossBackward0>)","tensor(0.1774, grad_fn=<MseLossBackward0>)","tensor(-0.2673, grad_fn=<NegBackward0>)"
299.0,"tensor(-2.8465, grad_fn=<MeanBackward0>)","tensor(0.1751, grad_fn=<MseLossBackward0>)","tensor(0.1734, grad_fn=<MseLossBackward0>)","tensor(-0.2692, grad_fn=<NegBackward0>)"
300.0,"tensor(-2.8621, grad_fn=<MeanBackward0>)","tensor(0.2072, grad_fn=<MseLossBackward0>)","tensor(0.2002, grad_fn=<MseLossBackward0>)","tensor(-0.2711, grad_fn=<NegBackward0>)"
301.0,"tensor(-2.8730, grad_fn=<MeanBackward0>)","tensor(0.1899, grad_fn=<MseLossBackward0>)","tensor(0.1873, grad_fn=<MseLossBackward0>)","tensor(-0.2718, grad_fn=<NegBackward0>)"
302.0,"tensor(-2.8820, grad_fn=<MeanBackward0>)","tensor(0.2057, grad_fn=<MseLossBackward0>)","tensor(0.2044, grad_fn=<MseLossBackward0>)","tensor(-0.2715, grad_fn=<NegBackward0>)"
303.0,"tensor(-2.8518, grad_fn=<MeanBackward0>)","tensor(0.2025, grad_fn=<MseLossBackward0>)","tensor(0.1973, grad_fn=<MseLossBackward0>)","tensor(-0.2715, grad_fn=<NegBackward0>)"
304.0,"tensor(-2.8635, grad_fn=<MeanBackward0>)","tensor(0.1956, grad_fn=<MseLossBackward0>)","tensor(0.1895, grad_fn=<MseLossBackward0>)","tensor(-0.2737, grad_fn=<NegBackward0>)"
305.0,"tensor(-2.8807, grad_fn=<MeanBackward0>)","tensor(0.2130, grad_fn=<MseLossBackward0>)","tensor(0.2114, grad_fn=<MseLossBackward0>)","tensor(-0.2743, grad_fn=<NegBackward0>)"
306.0,"tensor(-2.8967, grad_fn=<MeanBackward0>)","tensor(0.1742, grad_fn=<MseLossBackward0>)","tensor(0.1551, grad_fn=<MseLossBackward0>)","tensor(-0.2781, grad_fn=<NegBackward0>)"
307.0,"tensor(-2.8571, grad_fn=<MeanBackward0>)","tensor(0.1533, grad_fn=<MseLossBackward0>)","tensor(0.1440, grad_fn=<MseLossBackward0>)","tensor(-0.2773, grad_fn=<NegBackward0>)"
308.0,"tensor(-2.8636, grad_fn=<MeanBackward0>)","tensor(0.1883, grad_fn=<MseLossBackward0>)","tensor(0.1838, grad_fn=<MseLossBackward0>)","tensor(-0.2776, grad_fn=<NegBackward0>)"
309.0,"tensor(-2.8160, grad_fn=<MeanBackward0>)","tensor(0.2460, grad_fn=<MseLossBackward0>)","tensor(0.2378, grad_fn=<MseLossBackward0>)","tensor(-0.2786, grad_fn=<NegBackward0>)"
310.0,"tensor(-2.8093, grad_fn=<MeanBackward0>)","tensor(0.1990, grad_fn=<MseLossBackward0>)","tensor(0.1882, grad_fn=<MseLossBackward0>)","tensor(-0.2796, grad_fn=<NegBackward0>)"
311.0,"tensor(-2.8803, grad_fn=<MeanBackward0>)","tensor(0.2002, grad_fn=<MseLossBackward0>)","tensor(0.1873, grad_fn=<MseLossBackward0>)","tensor(-0.2845, grad_fn=<NegBackward0>)"
312.0,"tensor(-2.8383, grad_fn=<MeanBackward0>)","tensor(0.1715, grad_fn=<MseLossBackward0>)","tensor(0.1609, grad_fn=<MseLossBackward0>)","tensor(-0.2835, grad_fn=<NegBackward0>)"
313.0,"tensor(-2.8461, grad_fn=<MeanBackward0>)","tensor(0.2016, grad_fn=<MseLossBackward0>)","tensor(0.1918, grad_fn=<MseLossBackward0>)","tensor(-0.2828, grad_fn=<NegBackward0>)"
314.0,"tensor(-2.8914, grad_fn=<MeanBackward0>)","tensor(0.1808, grad_fn=<MseLossBackward0>)","tensor(0.1702, grad_fn=<MseLossBackward0>)","tensor(-0.2874, grad_fn=<NegBackward0>)"
315.0,"tensor(-2.8869, grad_fn=<MeanBackward0>)","tensor(0.1852, grad_fn=<MseLossBackward0>)","tensor(0.1778, grad_fn=<MseLossBackward0>)","tensor(-0.2850, grad_fn=<NegBackward0>)"
316.0,"tensor(-2.8926, grad_fn=<MeanBackward0>)","tensor(0.1721, grad_fn=<MseLossBackward0>)","tensor(0.1634, grad_fn=<MseLossBackward0>)","tensor(-0.2895, grad_fn=<NegBackward0>)"
317.0,"tensor(-2.8790, grad_fn=<MeanBackward0>)","tensor(0.1842, grad_fn=<MseLossBackward0>)","tensor(0.1785, grad_fn=<MseLossBackward0>)","tensor(-0.2879, grad_fn=<NegBackward0>)"
318.0,"tensor(-2.8996, grad_fn=<MeanBackward0>)","tensor(0.2264, grad_fn=<MseLossBackward0>)","tensor(0.2143, grad_fn=<MseLossBackward0>)","tensor(-0.2874, grad_fn=<NegBackward0>)"
319.0,"tensor(-2.8825, grad_fn=<MeanBackward0>)","tensor(0.1746, grad_fn=<MseLossBackward0>)","tensor(0.1685, grad_fn=<MseLossBackward0>)","tensor(-0.2914, grad_fn=<NegBackward0>)"
320.0,"tensor(-2.9086, grad_fn=<MeanBackward0>)","tensor(0.1885, grad_fn=<MseLossBackward0>)","tensor(0.1874, grad_fn=<MseLossBackward0>)","tensor(-0.2932, grad_fn=<NegBackward0>)"
321.0,"tensor(-2.8818, grad_fn=<MeanBackward0>)","tensor(0.2017, grad_fn=<MseLossBackward0>)","tensor(0.1972, grad_fn=<MseLossBackward0>)","tensor(-0.2921, grad_fn=<NegBackward0>)"
322.0,"tensor(-2.8685, grad_fn=<MeanBackward0>)","tensor(0.1663, grad_fn=<MseLossBackward0>)","tensor(0.1625, grad_fn=<MseLossBackward0>)","tensor(-0.2922, grad_fn=<NegBackward0>)"
323.0,"tensor(-2.8606, grad_fn=<MeanBackward0>)","tensor(0.1484, grad_fn=<MseLossBackward0>)","tensor(0.1433, grad_fn=<MseLossBackward0>)","tensor(-0.2962, grad_fn=<NegBackward0>)"
324.0,"tensor(-2.8583, grad_fn=<MeanBackward0>)","tensor(0.2042, grad_fn=<MseLossBackward0>)","tensor(0.1807, grad_fn=<MseLossBackward0>)","tensor(-0.2934, grad_fn=<NegBackward0>)"
325.0,"tensor(-2.8986, grad_fn=<MeanBackward0>)","tensor(0.1926, grad_fn=<MseLossBackward0>)","tensor(0.1831, grad_fn=<MseLossBackward0>)","tensor(-0.2968, grad_fn=<NegBackward0>)"
326.0,"tensor(-2.9136, grad_fn=<MeanBackward0>)","tensor(0.2092, grad_fn=<MseLossBackward0>)","tensor(0.2051, grad_fn=<MseLossBackward0>)","tensor(-0.2994, grad_fn=<NegBackward0>)"
327.0,"tensor(-2.8464, grad_fn=<MeanBackward0>)","tensor(0.1896, grad_fn=<MseLossBackward0>)","tensor(0.1801, grad_fn=<MseLossBackward0>)","tensor(-0.2991, grad_fn=<NegBackward0>)"
328.0,"tensor(-2.8969, grad_fn=<MeanBackward0>)","tensor(0.1783, grad_fn=<MseLossBackward0>)","tensor(0.1713, grad_fn=<MseLossBackward0>)","tensor(-0.3004, grad_fn=<NegBackward0>)"
329.0,"tensor(-2.8812, grad_fn=<MeanBackward0>)","tensor(0.1770, grad_fn=<MseLossBackward0>)","tensor(0.1699, grad_fn=<MseLossBackward0>)","tensor(-0.3029, grad_fn=<NegBackward0>)"
330.0,"tensor(-2.8872, grad_fn=<MeanBackward0>)","tensor(0.1755, grad_fn=<MseLossBackward0>)","tensor(0.1598, grad_fn=<MseLossBackward0>)","tensor(-0.3022, grad_fn=<NegBackward0>)"
331.0,"tensor(-2.8857, grad_fn=<MeanBackward0>)","tensor(0.1797, grad_fn=<MseLossBackward0>)","tensor(0.1685, grad_fn=<MseLossBackward0>)","tensor(-0.3019, grad_fn=<NegBackward0>)"
332.0,"tensor(-2.8422, grad_fn=<MeanBackward0>)","tensor(0.1557, grad_fn=<MseLossBackward0>)","tensor(0.1474, grad_fn=<MseLossBackward0>)","tensor(-0.3034, grad_fn=<NegBackward0>)"
333.0,"tensor(-2.8857, grad_fn=<MeanBackward0>)","tensor(0.1487, grad_fn=<MseLossBackward0>)","tensor(0.1417, grad_fn=<MseLossBackward0>)","tensor(-0.3066, grad_fn=<NegBackward0>)"
334.0,"tensor(-2.8776, grad_fn=<MeanBackward0>)","tensor(0.1907, grad_fn=<MseLossBackward0>)","tensor(0.1801, grad_fn=<MseLossBackward0>)","tensor(-0.3066, grad_fn=<NegBackward0>)"
335.0,"tensor(-2.8916, grad_fn=<MeanBackward0>)","tensor(0.1921, grad_fn=<MseLossBackward0>)","tensor(0.1809, grad_fn=<MseLossBackward0>)","tensor(-0.3085, grad_fn=<NegBackward0>)"
336.0,"tensor(-2.8967, grad_fn=<MeanBackward0>)","tensor(0.1748, grad_fn=<MseLossBackward0>)","tensor(0.1795, grad_fn=<MseLossBackward0>)","tensor(-0.3089, grad_fn=<NegBackward0>)"
337.0,"tensor(-2.8825, grad_fn=<MeanBackward0>)","tensor(0.1809, grad_fn=<MseLossBackward0>)","tensor(0.1821, grad_fn=<MseLossBackward0>)","tensor(-0.3073, grad_fn=<NegBackward0>)"
338.0,"tensor(-2.8735, grad_fn=<MeanBackward0>)","tensor(0.1756, grad_fn=<MseLossBackward0>)","tensor(0.1583, grad_fn=<MseLossBackward0>)","tensor(-0.3106, grad_fn=<NegBackward0>)"
339.0,"tensor(-2.8503, grad_fn=<MeanBackward0>)","tensor(0.2197, grad_fn=<MseLossBackward0>)","tensor(0.2043, grad_fn=<MseLossBackward0>)","tensor(-0.3093, grad_fn=<NegBackward0>)"
340.0,"tensor(-2.8956, grad_fn=<MeanBackward0>)","tensor(0.1917, grad_fn=<MseLossBackward0>)","tensor(0.1906, grad_fn=<MseLossBackward0>)","tensor(-0.3124, grad_fn=<NegBackward0>)"
341.0,"tensor(-2.8913, grad_fn=<MeanBackward0>)","tensor(0.2377, grad_fn=<MseLossBackward0>)","tensor(0.2291, grad_fn=<MseLossBackward0>)","tensor(-0.3143, grad_fn=<NegBackward0>)"
342.0,"tensor(-2.8763, grad_fn=<MeanBackward0>)","tensor(0.2282, grad_fn=<MseLossBackward0>)","tensor(0.2202, grad_fn=<MseLossBackward0>)","tensor(-0.3108, grad_fn=<NegBackward0>)"
343.0,"tensor(-2.8542, grad_fn=<MeanBackward0>)","tensor(0.2552, grad_fn=<MseLossBackward0>)","tensor(0.2440, grad_fn=<MseLossBackward0>)","tensor(-0.3146, grad_fn=<NegBackward0>)"
344.0,"tensor(-2.8832, grad_fn=<MeanBackward0>)","tensor(0.1931, grad_fn=<MseLossBackward0>)","tensor(0.1774, grad_fn=<MseLossBackward0>)","tensor(-0.3183, grad_fn=<NegBackward0>)"
345.0,"tensor(-2.8441, grad_fn=<MeanBackward0>)","tensor(0.1777, grad_fn=<MseLossBackward0>)","tensor(0.1731, grad_fn=<MseLossBackward0>)","tensor(-0.3190, grad_fn=<NegBackward0>)"
346.0,"tensor(-2.8128, grad_fn=<MeanBackward0>)","tensor(0.1739, grad_fn=<MseLossBackward0>)","tensor(0.1639, grad_fn=<MseLossBackward0>)","tensor(-0.3169, grad_fn=<NegBackward0>)"
347.0,"tensor(-2.8781, grad_fn=<MeanBackward0>)","tensor(0.1858, grad_fn=<MseLossBackward0>)","tensor(0.1830, grad_fn=<MseLossBackward0>)","tensor(-0.3210, grad_fn=<NegBackward0>)"
348.0,"tensor(-2.8537, grad_fn=<MeanBackward0>)","tensor(0.2124, grad_fn=<MseLossBackward0>)","tensor(0.2033, grad_fn=<MseLossBackward0>)","tensor(-0.3204, grad_fn=<NegBackward0>)"
349.0,"tensor(-2.8871, grad_fn=<MeanBackward0>)","tensor(0.2009, grad_fn=<MseLossBackward0>)","tensor(0.1937, grad_fn=<MseLossBackward0>)","tensor(-0.3215, grad_fn=<NegBackward0>)"
350.0,"tensor(-2.8762, grad_fn=<MeanBackward0>)","tensor(0.2212, grad_fn=<MseLossBackward0>)","tensor(0.2118, grad_fn=<MseLossBackward0>)","tensor(-0.3225, grad_fn=<NegBackward0>)"
351.0,"tensor(-2.8757, grad_fn=<MeanBackward0>)","tensor(0.1952, grad_fn=<MseLossBackward0>)","tensor(0.1862, grad_fn=<MseLossBackward0>)","tensor(-0.3223, grad_fn=<NegBackward0>)"
352.0,"tensor(-2.8445, grad_fn=<MeanBackward0>)","tensor(0.1785, grad_fn=<MseLossBackward0>)","tensor(0.1661, grad_fn=<MseLossBackward0>)","tensor(-0.3227, grad_fn=<NegBackward0>)"
353.0,"tensor(-2.9216, grad_fn=<MeanBackward0>)","tensor(0.1890, grad_fn=<MseLossBackward0>)","tensor(0.1796, grad_fn=<MseLossBackward0>)","tensor(-0.3272, grad_fn=<NegBackward0>)"
354.0,"tensor(-2.9150, grad_fn=<MeanBackward0>)","tensor(0.1866, grad_fn=<MseLossBackward0>)","tensor(0.1717, grad_fn=<MseLossBackward0>)","tensor(-0.3274, grad_fn=<NegBackward0>)"
355.0,"tensor(-2.8775, grad_fn=<MeanBackward0>)","tensor(0.2025, grad_fn=<MseLossBackward0>)","tensor(0.1907, grad_fn=<MseLossBackward0>)","tensor(-0.3281, grad_fn=<NegBackward0>)"
356.0,"tensor(-2.9451, grad_fn=<MeanBackward0>)","tensor(0.1940, grad_fn=<MseLossBackward0>)","tensor(0.1833, grad_fn=<MseLossBackward0>)","tensor(-0.3320, grad_fn=<NegBackward0>)"
357.0,"tensor(-2.8831, grad_fn=<MeanBackward0>)","tensor(0.2027, grad_fn=<MseLossBackward0>)","tensor(0.2080, grad_fn=<MseLossBackward0>)","tensor(-0.3287, grad_fn=<NegBackward0>)"
358.0,"tensor(-2.8522, grad_fn=<MeanBackward0>)","tensor(0.2370, grad_fn=<MseLossBackward0>)","tensor(0.2230, grad_fn=<MseLossBackward0>)","tensor(-0.3290, grad_fn=<NegBackward0>)"
359.0,"tensor(-2.9423, grad_fn=<MeanBackward0>)","tensor(0.1616, grad_fn=<MseLossBackward0>)","tensor(0.1526, grad_fn=<MseLossBackward0>)","tensor(-0.3328, grad_fn=<NegBackward0>)"
360.0,"tensor(-2.8631, grad_fn=<MeanBackward0>)","tensor(0.1953, grad_fn=<MseLossBackward0>)","tensor(0.1819, grad_fn=<MseLossBackward0>)","tensor(-0.3311, grad_fn=<NegBackward0>)"
361.0,"tensor(-2.8340, grad_fn=<MeanBackward0>)","tensor(0.1674, grad_fn=<MseLossBackward0>)","tensor(0.1652, grad_fn=<MseLossBackward0>)","tensor(-0.3318, grad_fn=<NegBackward0>)"
362.0,"tensor(-2.8713, grad_fn=<MeanBackward0>)","tensor(0.1825, grad_fn=<MseLossBackward0>)","tensor(0.1838, grad_fn=<MseLossBackward0>)","tensor(-0.3365, grad_fn=<NegBackward0>)"
363.0,"tensor(-2.8358, grad_fn=<MeanBackward0>)","tensor(0.1844, grad_fn=<MseLossBackward0>)","tensor(0.1708, grad_fn=<MseLossBackward0>)","tensor(-0.3329, grad_fn=<NegBackward0>)"
364.0,"tensor(-2.8628, grad_fn=<MeanBackward0>)","tensor(0.1790, grad_fn=<MseLossBackward0>)","tensor(0.1812, grad_fn=<MseLossBackward0>)","tensor(-0.3362, grad_fn=<NegBackward0>)"
365.0,"tensor(-2.8478, grad_fn=<MeanBackward0>)","tensor(0.2358, grad_fn=<MseLossBackward0>)","tensor(0.2182, grad_fn=<MseLossBackward0>)","tensor(-0.3361, grad_fn=<NegBackward0>)"
366.0,"tensor(-2.8806, grad_fn=<MeanBackward0>)","tensor(0.2017, grad_fn=<MseLossBackward0>)","tensor(0.1923, grad_fn=<MseLossBackward0>)","tensor(-0.3382, grad_fn=<NegBackward0>)"
367.0,"tensor(-2.9491, grad_fn=<MeanBackward0>)","tensor(0.1727, grad_fn=<MseLossBackward0>)","tensor(0.1666, grad_fn=<MseLossBackward0>)","tensor(-0.3429, grad_fn=<NegBackward0>)"
368.0,"tensor(-2.8784, grad_fn=<MeanBackward0>)","tensor(0.1808, grad_fn=<MseLossBackward0>)","tensor(0.1747, grad_fn=<MseLossBackward0>)","tensor(-0.3419, grad_fn=<NegBackward0>)"
369.0,"tensor(-2.9045, grad_fn=<MeanBackward0>)","tensor(0.2091, grad_fn=<MseLossBackward0>)","tensor(0.1893, grad_fn=<MseLossBackward0>)","tensor(-0.3419, grad_fn=<NegBackward0>)"
370.0,"tensor(-2.9170, grad_fn=<MeanBackward0>)","tensor(0.2051, grad_fn=<MseLossBackward0>)","tensor(0.1946, grad_fn=<MseLossBackward0>)","tensor(-0.3437, grad_fn=<NegBackward0>)"
371.0,"tensor(-2.9282, grad_fn=<MeanBackward0>)","tensor(0.2106, grad_fn=<MseLossBackward0>)","tensor(0.2030, grad_fn=<MseLossBackward0>)","tensor(-0.3430, grad_fn=<NegBackward0>)"
372.0,"tensor(-2.9344, grad_fn=<MeanBackward0>)","tensor(0.1996, grad_fn=<MseLossBackward0>)","tensor(0.1934, grad_fn=<MseLossBackward0>)","tensor(-0.3463, grad_fn=<NegBackward0>)"
373.0,"tensor(-2.8707, grad_fn=<MeanBackward0>)","tensor(0.2316, grad_fn=<MseLossBackward0>)","tensor(0.2190, grad_fn=<MseLossBackward0>)","tensor(-0.3442, grad_fn=<NegBackward0>)"
374.0,"tensor(-2.8668, grad_fn=<MeanBackward0>)","tensor(0.2739, grad_fn=<MseLossBackward0>)","tensor(0.2624, grad_fn=<MseLossBackward0>)","tensor(-0.3459, grad_fn=<NegBackward0>)"
375.0,"tensor(-2.8612, grad_fn=<MeanBackward0>)","tensor(0.1912, grad_fn=<MseLossBackward0>)","tensor(0.1744, grad_fn=<MseLossBackward0>)","tensor(-0.3482, grad_fn=<NegBackward0>)"
376.0,"tensor(-2.8353, grad_fn=<MeanBackward0>)","tensor(0.1644, grad_fn=<MseLossBackward0>)","tensor(0.1513, grad_fn=<MseLossBackward0>)","tensor(-0.3467, grad_fn=<NegBackward0>)"
377.0,"tensor(-2.8014, grad_fn=<MeanBackward0>)","tensor(0.1800, grad_fn=<MseLossBackward0>)","tensor(0.1808, grad_fn=<MseLossBackward0>)","tensor(-0.3500, grad_fn=<NegBackward0>)"
378.0,"tensor(-2.8566, grad_fn=<MeanBackward0>)","tensor(0.1520, grad_fn=<MseLossBackward0>)","tensor(0.1425, grad_fn=<MseLossBackward0>)","tensor(-0.3514, grad_fn=<NegBackward0>)"
379.0,"tensor(-2.8468, grad_fn=<MeanBackward0>)","tensor(0.1632, grad_fn=<MseLossBackward0>)","tensor(0.1510, grad_fn=<MseLossBackward0>)","tensor(-0.3527, grad_fn=<NegBackward0>)"
380.0,"tensor(-2.9116, grad_fn=<MeanBackward0>)","tensor(0.1887, grad_fn=<MseLossBackward0>)","tensor(0.1861, grad_fn=<MseLossBackward0>)","tensor(-0.3545, grad_fn=<NegBackward0>)"
381.0,"tensor(-2.9066, grad_fn=<MeanBackward0>)","tensor(0.1728, grad_fn=<MseLossBackward0>)","tensor(0.1623, grad_fn=<MseLossBackward0>)","tensor(-0.3537, grad_fn=<NegBackward0>)"
382.0,"tensor(-2.9437, grad_fn=<MeanBackward0>)","tensor(0.2212, grad_fn=<MseLossBackward0>)","tensor(0.1957, grad_fn=<MseLossBackward0>)","tensor(-0.3547, grad_fn=<NegBackward0>)"
383.0,"tensor(-2.9504, grad_fn=<MeanBackward0>)","tensor(0.1793, grad_fn=<MseLossBackward0>)","tensor(0.1650, grad_fn=<MseLossBackward0>)","tensor(-0.3573, grad_fn=<NegBackward0>)"
384.0,"tensor(-2.9172, grad_fn=<MeanBackward0>)","tensor(0.1844, grad_fn=<MseLossBackward0>)","tensor(0.1761, grad_fn=<MseLossBackward0>)","tensor(-0.3551, grad_fn=<NegBackward0>)"
385.0,"tensor(-2.9674, grad_fn=<MeanBackward0>)","tensor(0.1699, grad_fn=<MseLossBackward0>)","tensor(0.1679, grad_fn=<MseLossBackward0>)","tensor(-0.3594, grad_fn=<NegBackward0>)"
386.0,"tensor(-2.9638, grad_fn=<MeanBackward0>)","tensor(0.1906, grad_fn=<MseLossBackward0>)","tensor(0.1888, grad_fn=<MseLossBackward0>)","tensor(-0.3606, grad_fn=<NegBackward0>)"
387.0,"tensor(-2.9377, grad_fn=<MeanBackward0>)","tensor(0.1689, grad_fn=<MseLossBackward0>)","tensor(0.1554, grad_fn=<MseLossBackward0>)","tensor(-0.3609, grad_fn=<NegBackward0>)"
388.0,"tensor(-2.9442, grad_fn=<MeanBackward0>)","tensor(0.2101, grad_fn=<MseLossBackward0>)","tensor(0.1883, grad_fn=<MseLossBackward0>)","tensor(-0.3616, grad_fn=<NegBackward0>)"
389.0,"tensor(-2.9192, grad_fn=<MeanBackward0>)","tensor(0.1698, grad_fn=<MseLossBackward0>)","tensor(0.1562, grad_fn=<MseLossBackward0>)","tensor(-0.3613, grad_fn=<NegBackward0>)"
390.0,"tensor(-2.8265, grad_fn=<MeanBackward0>)","tensor(0.1837, grad_fn=<MseLossBackward0>)","tensor(0.1692, grad_fn=<MseLossBackward0>)","tensor(-0.3594, grad_fn=<NegBackward0>)"
391.0,"tensor(-2.9318, grad_fn=<MeanBackward0>)","tensor(0.1498, grad_fn=<MseLossBackward0>)","tensor(0.1471, grad_fn=<MseLossBackward0>)","tensor(-0.3665, grad_fn=<NegBackward0>)"
392.0,"tensor(-2.9109, grad_fn=<MeanBackward0>)","tensor(0.1744, grad_fn=<MseLossBackward0>)","tensor(0.1633, grad_fn=<MseLossBackward0>)","tensor(-0.3653, grad_fn=<NegBackward0>)"
393.0,"tensor(-2.8629, grad_fn=<MeanBackward0>)","tensor(0.1748, grad_fn=<MseLossBackward0>)","tensor(0.1705, grad_fn=<MseLossBackward0>)","tensor(-0.3619, grad_fn=<NegBackward0>)"
394.0,"tensor(-2.9041, grad_fn=<MeanBackward0>)","tensor(0.1698, grad_fn=<MseLossBackward0>)","tensor(0.1739, grad_fn=<MseLossBackward0>)","tensor(-0.3682, grad_fn=<NegBackward0>)"
395.0,"tensor(-2.9176, grad_fn=<MeanBackward0>)","tensor(0.1969, grad_fn=<MseLossBackward0>)","tensor(0.1783, grad_fn=<MseLossBackward0>)","tensor(-0.3681, grad_fn=<NegBackward0>)"
396.0,"tensor(-2.9171, grad_fn=<MeanBackward0>)","tensor(0.1903, grad_fn=<MseLossBackward0>)","tensor(0.1782, grad_fn=<MseLossBackward0>)","tensor(-0.3655, grad_fn=<NegBackward0>)"
397.0,"tensor(-2.9249, grad_fn=<MeanBackward0>)","tensor(0.1858, grad_fn=<MseLossBackward0>)","tensor(0.1869, grad_fn=<MseLossBackward0>)","tensor(-0.3702, grad_fn=<NegBackward0>)"
398.0,"tensor(-2.9106, grad_fn=<MeanBackward0>)","tensor(0.1874, grad_fn=<MseLossBackward0>)","tensor(0.1860, grad_fn=<MseLossBackward0>)","tensor(-0.3716, grad_fn=<NegBackward0>)"
399.0,"tensor(-2.9411, grad_fn=<MeanBackward0>)","tensor(0.1911, grad_fn=<MseLossBackward0>)","tensor(0.1809, grad_fn=<MseLossBackward0>)","tensor(-0.3748, grad_fn=<NegBackward0>)"
400.0,"tensor(-2.9288, grad_fn=<MeanBackward0>)","tensor(0.1823, grad_fn=<MseLossBackward0>)","tensor(0.1622, grad_fn=<MseLossBackward0>)","tensor(-0.3741, grad_fn=<NegBackward0>)"
401.0,"tensor(-2.9209, grad_fn=<MeanBackward0>)","tensor(0.1719, grad_fn=<MseLossBackward0>)","tensor(0.1600, grad_fn=<MseLossBackward0>)","tensor(-0.3740, grad_fn=<NegBackward0>)"
402.0,"tensor(-2.9575, grad_fn=<MeanBackward0>)","tensor(0.1654, grad_fn=<MseLossBackward0>)","tensor(0.1504, grad_fn=<MseLossBackward0>)","tensor(-0.3772, grad_fn=<NegBackward0>)"
403.0,"tensor(-2.9634, grad_fn=<MeanBackward0>)","tensor(0.1645, grad_fn=<MseLossBackward0>)","tensor(0.1598, grad_fn=<MseLossBackward0>)","tensor(-0.3747, grad_fn=<NegBackward0>)"
404.0,"tensor(-2.8883, grad_fn=<MeanBackward0>)","tensor(0.1711, grad_fn=<MseLossBackward0>)","tensor(0.1662, grad_fn=<MseLossBackward0>)","tensor(-0.3768, grad_fn=<NegBackward0>)"
405.0,"tensor(-2.9022, grad_fn=<MeanBackward0>)","tensor(0.2190, grad_fn=<MseLossBackward0>)","tensor(0.2101, grad_fn=<MseLossBackward0>)","tensor(-0.3724, grad_fn=<NegBackward0>)"
406.0,"tensor(-2.9023, grad_fn=<MeanBackward0>)","tensor(0.1923, grad_fn=<MseLossBackward0>)","tensor(0.1788, grad_fn=<MseLossBackward0>)","tensor(-0.3777, grad_fn=<NegBackward0>)"
407.0,"tensor(-2.9025, grad_fn=<MeanBackward0>)","tensor(0.2027, grad_fn=<MseLossBackward0>)","tensor(0.1895, grad_fn=<MseLossBackward0>)","tensor(-0.3814, grad_fn=<NegBackward0>)"
408.0,"tensor(-2.8530, grad_fn=<MeanBackward0>)","tensor(0.2016, grad_fn=<MseLossBackward0>)","tensor(0.1873, grad_fn=<MseLossBackward0>)","tensor(-0.3771, grad_fn=<NegBackward0>)"
409.0,"tensor(-2.8542, grad_fn=<MeanBackward0>)","tensor(0.1926, grad_fn=<MseLossBackward0>)","tensor(0.1765, grad_fn=<MseLossBackward0>)","tensor(-0.3769, grad_fn=<NegBackward0>)"
410.0,"tensor(-2.9235, grad_fn=<MeanBackward0>)","tensor(0.1521, grad_fn=<MseLossBackward0>)","tensor(0.1431, grad_fn=<MseLossBackward0>)","tensor(-0.3845, grad_fn=<NegBackward0>)"
411.0,"tensor(-2.8975, grad_fn=<MeanBackward0>)","tensor(0.1783, grad_fn=<MseLossBackward0>)","tensor(0.1642, grad_fn=<MseLossBackward0>)","tensor(-0.3825, grad_fn=<NegBackward0>)"
412.0,"tensor(-2.8902, grad_fn=<MeanBackward0>)","tensor(0.2288, grad_fn=<MseLossBackward0>)","tensor(0.2166, grad_fn=<MseLossBackward0>)","tensor(-0.3814, grad_fn=<NegBackward0>)"
413.0,"tensor(-2.8451, grad_fn=<MeanBackward0>)","tensor(0.1973, grad_fn=<MseLossBackward0>)","tensor(0.1940, grad_fn=<MseLossBackward0>)","tensor(-0.3835, grad_fn=<NegBackward0>)"
414.0,"tensor(-2.9028, grad_fn=<MeanBackward0>)","tensor(0.1784, grad_fn=<MseLossBackward0>)","tensor(0.1671, grad_fn=<MseLossBackward0>)","tensor(-0.3864, grad_fn=<NegBackward0>)"
415.0,"tensor(-2.9211, grad_fn=<MeanBackward0>)","tensor(0.2064, grad_fn=<MseLossBackward0>)","tensor(0.1876, grad_fn=<MseLossBackward0>)","tensor(-0.3883, grad_fn=<NegBackward0>)"
416.0,"tensor(-2.9007, grad_fn=<MeanBackward0>)","tensor(0.1824, grad_fn=<MseLossBackward0>)","tensor(0.1666, grad_fn=<MseLossBackward0>)","tensor(-0.3880, grad_fn=<NegBackward0>)"
417.0,"tensor(-2.8723, grad_fn=<MeanBackward0>)","tensor(0.2491, grad_fn=<MseLossBackward0>)","tensor(0.2274, grad_fn=<MseLossBackward0>)","tensor(-0.3888, grad_fn=<NegBackward0>)"
418.0,"tensor(-2.8996, grad_fn=<MeanBackward0>)","tensor(0.2313, grad_fn=<MseLossBackward0>)","tensor(0.2121, grad_fn=<MseLossBackward0>)","tensor(-0.3912, grad_fn=<NegBackward0>)"
419.0,"tensor(-2.9339, grad_fn=<MeanBackward0>)","tensor(0.2147, grad_fn=<MseLossBackward0>)","tensor(0.2023, grad_fn=<MseLossBackward0>)","tensor(-0.3922, grad_fn=<NegBackward0>)"
420.0,"tensor(-2.9345, grad_fn=<MeanBackward0>)","tensor(0.1636, grad_fn=<MseLossBackward0>)","tensor(0.1632, grad_fn=<MseLossBackward0>)","tensor(-0.3952, grad_fn=<NegBackward0>)"
421.0,"tensor(-2.9015, grad_fn=<MeanBackward0>)","tensor(0.1563, grad_fn=<MseLossBackward0>)","tensor(0.1417, grad_fn=<MseLossBackward0>)","tensor(-0.3929, grad_fn=<NegBackward0>)"
422.0,"tensor(-2.9033, grad_fn=<MeanBackward0>)","tensor(0.2094, grad_fn=<MseLossBackward0>)","tensor(0.1965, grad_fn=<MseLossBackward0>)","tensor(-0.3944, grad_fn=<NegBackward0>)"
423.0,"tensor(-2.9536, grad_fn=<MeanBackward0>)","tensor(0.1604, grad_fn=<MseLossBackward0>)","tensor(0.1474, grad_fn=<MseLossBackward0>)","tensor(-0.3975, grad_fn=<NegBackward0>)"
424.0,"tensor(-2.9483, grad_fn=<MeanBackward0>)","tensor(0.1525, grad_fn=<MseLossBackward0>)","tensor(0.1427, grad_fn=<MseLossBackward0>)","tensor(-0.3955, grad_fn=<NegBackward0>)"
425.0,"tensor(-2.9286, grad_fn=<MeanBackward0>)","tensor(0.1788, grad_fn=<MseLossBackward0>)","tensor(0.1627, grad_fn=<MseLossBackward0>)","tensor(-0.3979, grad_fn=<NegBackward0>)"
426.0,"tensor(-2.9086, grad_fn=<MeanBackward0>)","tensor(0.1896, grad_fn=<MseLossBackward0>)","tensor(0.1778, grad_fn=<MseLossBackward0>)","tensor(-0.3992, grad_fn=<NegBackward0>)"
427.0,"tensor(-2.9266, grad_fn=<MeanBackward0>)","tensor(0.1698, grad_fn=<MseLossBackward0>)","tensor(0.1613, grad_fn=<MseLossBackward0>)","tensor(-0.4010, grad_fn=<NegBackward0>)"
428.0,"tensor(-2.9346, grad_fn=<MeanBackward0>)","tensor(0.1924, grad_fn=<MseLossBackward0>)","tensor(0.1826, grad_fn=<MseLossBackward0>)","tensor(-0.4032, grad_fn=<NegBackward0>)"
429.0,"tensor(-2.8822, grad_fn=<MeanBackward0>)","tensor(0.1615, grad_fn=<MseLossBackward0>)","tensor(0.1523, grad_fn=<MseLossBackward0>)","tensor(-0.4041, grad_fn=<NegBackward0>)"
430.0,"tensor(-2.9549, grad_fn=<MeanBackward0>)","tensor(0.1546, grad_fn=<MseLossBackward0>)","tensor(0.1378, grad_fn=<MseLossBackward0>)","tensor(-0.4039, grad_fn=<NegBackward0>)"
431.0,"tensor(-2.9271, grad_fn=<MeanBackward0>)","tensor(0.1383, grad_fn=<MseLossBackward0>)","tensor(0.1317, grad_fn=<MseLossBackward0>)","tensor(-0.4057, grad_fn=<NegBackward0>)"
432.0,"tensor(-2.9388, grad_fn=<MeanBackward0>)","tensor(0.1784, grad_fn=<MseLossBackward0>)","tensor(0.1626, grad_fn=<MseLossBackward0>)","tensor(-0.4024, grad_fn=<NegBackward0>)"
433.0,"tensor(-2.8536, grad_fn=<MeanBackward0>)","tensor(0.2102, grad_fn=<MseLossBackward0>)","tensor(0.2041, grad_fn=<MseLossBackward0>)","tensor(-0.4048, grad_fn=<NegBackward0>)"
434.0,"tensor(-2.9397, grad_fn=<MeanBackward0>)","tensor(0.1942, grad_fn=<MseLossBackward0>)","tensor(0.1779, grad_fn=<MseLossBackward0>)","tensor(-0.4074, grad_fn=<NegBackward0>)"
435.0,"tensor(-2.9385, grad_fn=<MeanBackward0>)","tensor(0.1718, grad_fn=<MseLossBackward0>)","tensor(0.1555, grad_fn=<MseLossBackward0>)","tensor(-0.4126, grad_fn=<NegBackward0>)"
436.0,"tensor(-2.9505, grad_fn=<MeanBackward0>)","tensor(0.1601, grad_fn=<MseLossBackward0>)","tensor(0.1465, grad_fn=<MseLossBackward0>)","tensor(-0.4109, grad_fn=<NegBackward0>)"
437.0,"tensor(-2.8838, grad_fn=<MeanBackward0>)","tensor(0.1802, grad_fn=<MseLossBackward0>)","tensor(0.1584, grad_fn=<MseLossBackward0>)","tensor(-0.4110, grad_fn=<NegBackward0>)"
438.0,"tensor(-2.9333, grad_fn=<MeanBackward0>)","tensor(0.1914, grad_fn=<MseLossBackward0>)","tensor(0.1815, grad_fn=<MseLossBackward0>)","tensor(-0.4180, grad_fn=<NegBackward0>)"
439.0,"tensor(-2.9300, grad_fn=<MeanBackward0>)","tensor(0.1644, grad_fn=<MseLossBackward0>)","tensor(0.1523, grad_fn=<MseLossBackward0>)","tensor(-0.4142, grad_fn=<NegBackward0>)"
440.0,"tensor(-2.9269, grad_fn=<MeanBackward0>)","tensor(0.1722, grad_fn=<MseLossBackward0>)","tensor(0.1700, grad_fn=<MseLossBackward0>)","tensor(-0.4146, grad_fn=<NegBackward0>)"
441.0,"tensor(-2.9197, grad_fn=<MeanBackward0>)","tensor(0.1671, grad_fn=<MseLossBackward0>)","tensor(0.1580, grad_fn=<MseLossBackward0>)","tensor(-0.4158, grad_fn=<NegBackward0>)"
442.0,"tensor(-2.9039, grad_fn=<MeanBackward0>)","tensor(0.1622, grad_fn=<MseLossBackward0>)","tensor(0.1523, grad_fn=<MseLossBackward0>)","tensor(-0.4150, grad_fn=<NegBackward0>)"
443.0,"tensor(-2.9227, grad_fn=<MeanBackward0>)","tensor(0.1900, grad_fn=<MseLossBackward0>)","tensor(0.1862, grad_fn=<MseLossBackward0>)","tensor(-0.4169, grad_fn=<NegBackward0>)"
444.0,"tensor(-2.9126, grad_fn=<MeanBackward0>)","tensor(0.1745, grad_fn=<MseLossBackward0>)","tensor(0.1613, grad_fn=<MseLossBackward0>)","tensor(-0.4189, grad_fn=<NegBackward0>)"
445.0,"tensor(-2.9388, grad_fn=<MeanBackward0>)","tensor(0.1817, grad_fn=<MseLossBackward0>)","tensor(0.1688, grad_fn=<MseLossBackward0>)","tensor(-0.4167, grad_fn=<NegBackward0>)"
446.0,"tensor(-2.9409, grad_fn=<MeanBackward0>)","tensor(0.1808, grad_fn=<MseLossBackward0>)","tensor(0.1667, grad_fn=<MseLossBackward0>)","tensor(-0.4222, grad_fn=<NegBackward0>)"
447.0,"tensor(-2.9484, grad_fn=<MeanBackward0>)","tensor(0.2078, grad_fn=<MseLossBackward0>)","tensor(0.1961, grad_fn=<MseLossBackward0>)","tensor(-0.4242, grad_fn=<NegBackward0>)"
448.0,"tensor(-2.8770, grad_fn=<MeanBackward0>)","tensor(0.1995, grad_fn=<MseLossBackward0>)","tensor(0.1922, grad_fn=<MseLossBackward0>)","tensor(-0.4207, grad_fn=<NegBackward0>)"
449.0,"tensor(-2.9522, grad_fn=<MeanBackward0>)","tensor(0.2043, grad_fn=<MseLossBackward0>)","tensor(0.2000, grad_fn=<MseLossBackward0>)","tensor(-0.4240, grad_fn=<NegBackward0>)"
450.0,"tensor(-2.9111, grad_fn=<MeanBackward0>)","tensor(0.1503, grad_fn=<MseLossBackward0>)","tensor(0.1376, grad_fn=<MseLossBackward0>)","tensor(-0.4241, grad_fn=<NegBackward0>)"
451.0,"tensor(-2.9138, grad_fn=<MeanBackward0>)","tensor(0.1740, grad_fn=<MseLossBackward0>)","tensor(0.1701, grad_fn=<MseLossBackward0>)","tensor(-0.4256, grad_fn=<NegBackward0>)"
452.0,"tensor(-2.9643, grad_fn=<MeanBackward0>)","tensor(0.1765, grad_fn=<MseLossBackward0>)","tensor(0.1645, grad_fn=<MseLossBackward0>)","tensor(-0.4247, grad_fn=<NegBackward0>)"
453.0,"tensor(-2.9634, grad_fn=<MeanBackward0>)","tensor(0.1555, grad_fn=<MseLossBackward0>)","tensor(0.1451, grad_fn=<MseLossBackward0>)","tensor(-0.4252, grad_fn=<NegBackward0>)"
454.0,"tensor(-2.9408, grad_fn=<MeanBackward0>)","tensor(0.1686, grad_fn=<MseLossBackward0>)","tensor(0.1673, grad_fn=<MseLossBackward0>)","tensor(-0.4290, grad_fn=<NegBackward0>)"
455.0,"tensor(-2.9257, grad_fn=<MeanBackward0>)","tensor(0.1452, grad_fn=<MseLossBackward0>)","tensor(0.1355, grad_fn=<MseLossBackward0>)","tensor(-0.4311, grad_fn=<NegBackward0>)"
456.0,"tensor(-2.9353, grad_fn=<MeanBackward0>)","tensor(0.1568, grad_fn=<MseLossBackward0>)","tensor(0.1470, grad_fn=<MseLossBackward0>)","tensor(-0.4307, grad_fn=<NegBackward0>)"
457.0,"tensor(-2.9359, grad_fn=<MeanBackward0>)","tensor(0.1791, grad_fn=<MseLossBackward0>)","tensor(0.1636, grad_fn=<MseLossBackward0>)","tensor(-0.4317, grad_fn=<NegBackward0>)"
458.0,"tensor(-2.9253, grad_fn=<MeanBackward0>)","tensor(0.1750, grad_fn=<MseLossBackward0>)","tensor(0.1647, grad_fn=<MseLossBackward0>)","tensor(-0.4333, grad_fn=<NegBackward0>)"
459.0,"tensor(-2.8898, grad_fn=<MeanBackward0>)","tensor(0.1840, grad_fn=<MseLossBackward0>)","tensor(0.1664, grad_fn=<MseLossBackward0>)","tensor(-0.4317, grad_fn=<NegBackward0>)"
460.0,"tensor(-2.9391, grad_fn=<MeanBackward0>)","tensor(0.1740, grad_fn=<MseLossBackward0>)","tensor(0.1553, grad_fn=<MseLossBackward0>)","tensor(-0.4344, grad_fn=<NegBackward0>)"
461.0,"tensor(-2.9173, grad_fn=<MeanBackward0>)","tensor(0.1727, grad_fn=<MseLossBackward0>)","tensor(0.1612, grad_fn=<MseLossBackward0>)","tensor(-0.4336, grad_fn=<NegBackward0>)"
462.0,"tensor(-2.9505, grad_fn=<MeanBackward0>)","tensor(0.1949, grad_fn=<MseLossBackward0>)","tensor(0.1739, grad_fn=<MseLossBackward0>)","tensor(-0.4346, grad_fn=<NegBackward0>)"
463.0,"tensor(-2.9105, grad_fn=<MeanBackward0>)","tensor(0.1543, grad_fn=<MseLossBackward0>)","tensor(0.1464, grad_fn=<MseLossBackward0>)","tensor(-0.4359, grad_fn=<NegBackward0>)"
464.0,"tensor(-2.9482, grad_fn=<MeanBackward0>)","tensor(0.1518, grad_fn=<MseLossBackward0>)","tensor(0.1408, grad_fn=<MseLossBackward0>)","tensor(-0.4402, grad_fn=<NegBackward0>)"
465.0,"tensor(-2.8949, grad_fn=<MeanBackward0>)","tensor(0.1709, grad_fn=<MseLossBackward0>)","tensor(0.1630, grad_fn=<MseLossBackward0>)","tensor(-0.4385, grad_fn=<NegBackward0>)"
466.0,"tensor(-2.8864, grad_fn=<MeanBackward0>)","tensor(0.1778, grad_fn=<MseLossBackward0>)","tensor(0.1645, grad_fn=<MseLossBackward0>)","tensor(-0.4409, grad_fn=<NegBackward0>)"
467.0,"tensor(-2.8627, grad_fn=<MeanBackward0>)","tensor(0.1989, grad_fn=<MseLossBackward0>)","tensor(0.1797, grad_fn=<MseLossBackward0>)","tensor(-0.4389, grad_fn=<NegBackward0>)"
468.0,"tensor(-2.9305, grad_fn=<MeanBackward0>)","tensor(0.1731, grad_fn=<MseLossBackward0>)","tensor(0.1723, grad_fn=<MseLossBackward0>)","tensor(-0.4441, grad_fn=<NegBackward0>)"
469.0,"tensor(-2.8577, grad_fn=<MeanBackward0>)","tensor(0.2629, grad_fn=<MseLossBackward0>)","tensor(0.2505, grad_fn=<MseLossBackward0>)","tensor(-0.4340, grad_fn=<NegBackward0>)"
470.0,"tensor(-2.8573, grad_fn=<MeanBackward0>)","tensor(0.2135, grad_fn=<MseLossBackward0>)","tensor(0.1986, grad_fn=<MseLossBackward0>)","tensor(-0.4430, grad_fn=<NegBackward0>)"
471.0,"tensor(-2.8674, grad_fn=<MeanBackward0>)","tensor(0.2022, grad_fn=<MseLossBackward0>)","tensor(0.2076, grad_fn=<MseLossBackward0>)","tensor(-0.4439, grad_fn=<NegBackward0>)"
472.0,"tensor(-2.8919, grad_fn=<MeanBackward0>)","tensor(0.1969, grad_fn=<MseLossBackward0>)","tensor(0.1816, grad_fn=<MseLossBackward0>)","tensor(-0.4466, grad_fn=<NegBackward0>)"
473.0,"tensor(-2.9028, grad_fn=<MeanBackward0>)","tensor(0.1821, grad_fn=<MseLossBackward0>)","tensor(0.1747, grad_fn=<MseLossBackward0>)","tensor(-0.4478, grad_fn=<NegBackward0>)"
474.0,"tensor(-2.9321, grad_fn=<MeanBackward0>)","tensor(0.1745, grad_fn=<MseLossBackward0>)","tensor(0.1632, grad_fn=<MseLossBackward0>)","tensor(-0.4496, grad_fn=<NegBackward0>)"
475.0,"tensor(-2.9785, grad_fn=<MeanBackward0>)","tensor(0.1774, grad_fn=<MseLossBackward0>)","tensor(0.1694, grad_fn=<MseLossBackward0>)","tensor(-0.4522, grad_fn=<NegBackward0>)"
476.0,"tensor(-2.9547, grad_fn=<MeanBackward0>)","tensor(0.1914, grad_fn=<MseLossBackward0>)","tensor(0.1739, grad_fn=<MseLossBackward0>)","tensor(-0.4512, grad_fn=<NegBackward0>)"
477.0,"tensor(-2.9805, grad_fn=<MeanBackward0>)","tensor(0.1864, grad_fn=<MseLossBackward0>)","tensor(0.1804, grad_fn=<MseLossBackward0>)","tensor(-0.4532, grad_fn=<NegBackward0>)"
478.0,"tensor(-2.9643, grad_fn=<MeanBackward0>)","tensor(0.2088, grad_fn=<MseLossBackward0>)","tensor(0.2018, grad_fn=<MseLossBackward0>)","tensor(-0.4515, grad_fn=<NegBackward0>)"
479.0,"tensor(-2.9785, grad_fn=<MeanBackward0>)","tensor(0.1855, grad_fn=<MseLossBackward0>)","tensor(0.1704, grad_fn=<MseLossBackward0>)","tensor(-0.4531, grad_fn=<NegBackward0>)"
480.0,"tensor(-3.0194, grad_fn=<MeanBackward0>)","tensor(0.1637, grad_fn=<MseLossBackward0>)","tensor(0.1456, grad_fn=<MseLossBackward0>)","tensor(-0.4577, grad_fn=<NegBackward0>)"
481.0,"tensor(-2.9104, grad_fn=<MeanBackward0>)","tensor(0.1863, grad_fn=<MseLossBackward0>)","tensor(0.1792, grad_fn=<MseLossBackward0>)","tensor(-0.4539, grad_fn=<NegBackward0>)"
482.0,"tensor(-2.8961, grad_fn=<MeanBackward0>)","tensor(0.1752, grad_fn=<MseLossBackward0>)","tensor(0.1595, grad_fn=<MseLossBackward0>)","tensor(-0.4544, grad_fn=<NegBackward0>)"
483.0,"tensor(-2.8907, grad_fn=<MeanBackward0>)","tensor(0.2283, grad_fn=<MseLossBackward0>)","tensor(0.2194, grad_fn=<MseLossBackward0>)","tensor(-0.4584, grad_fn=<NegBackward0>)"
484.0,"tensor(-2.9026, grad_fn=<MeanBackward0>)","tensor(0.2417, grad_fn=<MseLossBackward0>)","tensor(0.2196, grad_fn=<MseLossBackward0>)","tensor(-0.4576, grad_fn=<NegBackward0>)"
485.0,"tensor(-2.9170, grad_fn=<MeanBackward0>)","tensor(0.2115, grad_fn=<MseLossBackward0>)","tensor(0.2033, grad_fn=<MseLossBackward0>)","tensor(-0.4609, grad_fn=<NegBackward0>)"
486.0,"tensor(-2.8873, grad_fn=<MeanBackward0>)","tensor(0.1820, grad_fn=<MseLossBackward0>)","tensor(0.1703, grad_fn=<MseLossBackward0>)","tensor(-0.4613, grad_fn=<NegBackward0>)"
487.0,"tensor(-2.9232, grad_fn=<MeanBackward0>)","tensor(0.1775, grad_fn=<MseLossBackward0>)","tensor(0.1724, grad_fn=<MseLossBackward0>)","tensor(-0.4622, grad_fn=<NegBackward0>)"
488.0,"tensor(-2.9203, grad_fn=<MeanBackward0>)","tensor(0.1934, grad_fn=<MseLossBackward0>)","tensor(0.1742, grad_fn=<MseLossBackward0>)","tensor(-0.4596, grad_fn=<NegBackward0>)"
489.0,"tensor(-2.8834, grad_fn=<MeanBackward0>)","tensor(0.1810, grad_fn=<MseLossBackward0>)","tensor(0.1737, grad_fn=<MseLossBackward0>)","tensor(-0.4621, grad_fn=<NegBackward0>)"
490.0,"tensor(-2.8931, grad_fn=<MeanBackward0>)","tensor(0.2072, grad_fn=<MseLossBackward0>)","tensor(0.1961, grad_fn=<MseLossBackward0>)","tensor(-0.4641, grad_fn=<NegBackward0>)"
491.0,"tensor(-2.8821, grad_fn=<MeanBackward0>)","tensor(0.1785, grad_fn=<MseLossBackward0>)","tensor(0.1708, grad_fn=<MseLossBackward0>)","tensor(-0.4637, grad_fn=<NegBackward0>)"
492.0,"tensor(-2.8830, grad_fn=<MeanBackward0>)","tensor(0.1833, grad_fn=<MseLossBackward0>)","tensor(0.1807, grad_fn=<MseLossBackward0>)","tensor(-0.4619, grad_fn=<NegBackward0>)"
493.0,"tensor(-2.8827, grad_fn=<MeanBackward0>)","tensor(0.1739, grad_fn=<MseLossBackward0>)","tensor(0.1636, grad_fn=<MseLossBackward0>)","tensor(-0.4667, grad_fn=<NegBackward0>)"
494.0,"tensor(-2.8938, grad_fn=<MeanBackward0>)","tensor(0.1646, grad_fn=<MseLossBackward0>)","tensor(0.1585, grad_fn=<MseLossBackward0>)","tensor(-0.4670, grad_fn=<NegBackward0>)"
495.0,"tensor(-2.8955, grad_fn=<MeanBackward0>)","tensor(0.2005, grad_fn=<MseLossBackward0>)","tensor(0.1875, grad_fn=<MseLossBackward0>)","tensor(-0.4707, grad_fn=<NegBackward0>)"
496.0,"tensor(-2.9086, grad_fn=<MeanBackward0>)","tensor(0.2148, grad_fn=<MseLossBackward0>)","tensor(0.2004, grad_fn=<MseLossBackward0>)","tensor(-0.4730, grad_fn=<NegBackward0>)"
497.0,"tensor(-2.8646, grad_fn=<MeanBackward0>)","tensor(0.2019, grad_fn=<MseLossBackward0>)","tensor(0.1880, grad_fn=<MseLossBackward0>)","tensor(-0.4669, grad_fn=<NegBackward0>)"
498.0,"tensor(-2.8600, grad_fn=<MeanBackward0>)","tensor(0.1735, grad_fn=<MseLossBackward0>)","tensor(0.1647, grad_fn=<MseLossBackward0>)","tensor(-0.4730, grad_fn=<NegBackward0>)"
499.0,"tensor(-2.9168, grad_fn=<MeanBackward0>)","tensor(0.1807, grad_fn=<MseLossBackward0>)","tensor(0.1734, grad_fn=<MseLossBackward0>)","tensor(-0.4763, grad_fn=<NegBackward0>)"
500.0,"tensor(-2.8866, grad_fn=<MeanBackward0>)","tensor(0.1884, grad_fn=<MseLossBackward0>)","tensor(0.1817, grad_fn=<MseLossBackward0>)","tensor(-0.4721, grad_fn=<NegBackward0>)"
